{"file_hashes":[{"block_hashes":["jHbs0g/yvgLo5HtInbfnEeBESlWHIfGjxmRiBAHhCAU="],"block_size":4096,"path":"AUTHORS"},{"block_hashes":["TwJIx2pFW+gi6OQNahZ9k6bsdw7lSVzovT1u1XEETEA=","+WZZTyNj7vKaky27VUYUy0Z98kRVoNpxUbCrNWacZA8=","pY/kmEIJVrL84lFA1YdLiX+HH69rvmkEqkSP3vkCCMY=","q/XmAoDx4TKe89bOpGDtLBGzRVFVKlI+FiRA/96in7M=","LDXiqAjZ/Lfy86U3Gox5GLFOt7ZazZvVhoxeQoEoenY=","TGwOzjImRbQIDTSo71tlq5qyd6metMZHg3Moyo1c27I=","JZ+x3gEeNdpupJumz82y94nMF91yFZEiMbo+DjSE12M=","9CHHSeSRlbC4EPkl3zaCpaoeLUYZgbIn+H0Dgl8g7kQ=","aDrNkBA6e36fhZ+YdqngU2cBvVbQnbpmcrDJ/OS4/kA="],"block_size":4096,"path":"COPYING"},{"block_hashes":["xHX4FZ4gch9lm/iDIvyQquL1aolCL8KLa57UOnSUzCw="],"block_size":4096,"path":"background.html"},{"block_hashes":["keSHFdIEeZstq7zLeTFwngVewAB1ag9vfJhJ1MitTwg=","vW6MjIp7BnPfsGEouutmTNTqyMmQ/pTuDZji8UAWPIk=","xbuzuFK1L86cne1CRtDuvlh/t+V8QFtT0e48d+hjy7Q="],"block_size":4096,"path":"css/options.css"},{"block_hashes":["HPzeKUtZ7+j6dvam5I4kVCj8dwmzuxfOXVRGeY+7a+s=","oyNy/DiApDHH4ESwZYijVkrx6v68vmyZwqGaYNq7dNs="],"block_size":4096,"path":"css/options.css.map"},{"block_hashes":["aNHmQp3Jc4f7TRna+V7CKF53o+bi5c6I6tPE3Zh3zR4="],"block_size":4096,"path":"css/popup.css"},{"block_hashes":["+OqHSNiqUCtlyckdlnrkfKBcY+RUx+w8Y3VfDZ0iP04="],"block_size":4096,"path":"css/popup.css.map"},{"block_hashes":["qEr7eRbgWc8JkYJBfH5sLs8r8IA1PZlnTwiyYSJx7rw="],"block_size":4096,"path":"img/icons/draw_omega.js"},{"block_hashes":["hISUYpklUyaicjw5Ugs2GRKPfHvEl4plyjjiV1zu73Y="],"block_size":4096,"path":"img/icons/omega-128.svg"},{"block_hashes":["L4FDT6V2Nq/LyKVdy1ZED+xxCQh4fSNhwDvtklKotdk="],"block_size":4096,"path":"img/icons/omega-action.svg"},{"block_hashes":["lF3+ucDg93C1Q2x0UTASfYgmVpVHi3RQlmDGYYBtd9Q=","fr0iCy4t0TY7j353+Y0uZ3rhMFcf11WXtPSHx9iH1K0=","tryDX7o/wN7QhTkqZuu9J9k8DETdTrvTec1eL9Fxj68=","b+jhJf3mWzIDJPli3txxxT/HPfa4oLXDM87MNkkzARg="],"block_size":4096,"path":"js/background.js"},{"block_hashes":["FQ4mZJAzw8pF22jJBkyLWcHFoV+OtLf8ME1euIv/YHI="],"block_size":4096,"path":"js/background_preload.js"},{"block_hashes":["iNcxKype2f020Iprv4KO5eggDyWXPvj8vJY+ZzA71l4="],"block_size":4096,"path":"js/log_error.js"},{"block_hashes":["oe/Egzem1q5xrk/PTvpIxUHELS2uIG3ZgpZyT4o77bs=","pwaVs/M02CXZDQkbHz4MReurn8xJsc1hTMmGaxnLxaE=","xXxTtcOfzcS8OARGZr9mP1I5FoSgKfojxVy2JrN3dh8=","D+WbFyjoEgmqXHKObFf7pCMbYGx0s8+A1Mw4sRaa3E4=","rKOwxlvmDRqSBuJlk/xAd6AGtG8MXvN9KEBWiNQa9ig=","XKn9bE5Yr05Td05gGjAbvDPOrXcgB6UsVpSnCQJScJU=","S8x3/FJ2rRyhG8q2B5P/qOcSsaiERY93DuMsIrWId5o=","YA3pWFk4pLklb03un3c2npVi5LS29Lnsz74rPTnjqlU=","4KIKkj2/Z5XOrgICilYxyZ/FtcGZwTgIJGKMF7YkRg8=","dRf4uGmtVcXh/zOeIugdJ32kLNg2arhgIIxPP0P0eds=","lSY4u9BoBXNfCGiTYQioAwQRQAAPjktFUkeX5oJRSFk=","+ffzFz3Hzmf84IsN2EjYLvIaXcua85J7wLHiDsnMnps=","YlAE7mT3KIGQvMprH1F//WSJOgjQ+JX+vaKopPAjEOQ=","Yw3/DOQsc0fpgcdQI+ou8zN4q1zGlcGm7JZ+DKze7Zc=","zIvKPYg++OwCpJlCKRXLBWgC2ZiBk2Ie+EjydKnt0vc=","gkQEbSLHMXmky0NoFN3EtSRCF0L8oJfkY9Dbx6KB3Gw="],"block_size":4096,"path":"js/omega.js"},{"block_hashes":["SF1kyzp1oxEcFkIi3lB58K5T7j+j44uIpgJ4xY4N/1A="],"block_size":4096,"path":"js/omega_debug.js"},{"block_hashes":["88B8mxUv76wPsWuvMZc5vbNJWvUrC/3fFj8fM5QwjjQ=","oE7PMFl11EhIRaRs7UEHLX8HLEAe4HN7xT8INF56U8s="],"block_size":4096,"path":"js/omega_decoration.js"},{"block_hashes":["mHnxS26dJFOyq5O0lmY/L0zN/vxyaYtgsVk+99XsUAM=","o0WFrpKhIBGy85EZHxRg5CToxZ1os4liSVU336umFOk=","q6gXM+tai87EekWH3Z0+sd8OMUZPUKAoahg3F9xX3MM=","42tINoFbV9k4HlwzFl7TE3QY+DAhrNBeyTnRE7FLCz0=","AwFRvRsCScx4QSGyYrbUbJXawbrFIGck2voPmpfvk8I=","IAbbT0JpVpD70aEPT1y+KGh7taZDPNE2RZ/44y1yHWo=","PBjO+q78iu+4bqX86Nd0dgcBKIOoZghTS5uKMdgdUMc=","NBtNfZGq2JdbefzZoxG9KkH7w59zAyC7PqoXk3Zx1dY=","U+P/ZzdxxqWfaLo7zM2CqODKFxhBxb06eAuR2uFFM8Y=","Thbz7OfHATMx8+y56FgmzP5NuEstJ5LCnHkCpiCT5IM=","gsBpMxfyulOzsAvkhs2a228p9B1sJSfW6aBogF+MZPI=","DvKfL4RD5U4HeRDf3Zrt8LA9Eb1vH6X5oFiaTOhBwR4=","dSjwWW7DoO9IV0xR4N8puGe7tDND0frPBVCu/H5JnWc=","g89d3ok9iPIOK5xVcKKnHto5EYCxyb3kmlnEWhMMA+c=","xQHkvY8+qsE1qWTFzE/DoBsb4pyDPujkk+alrjEvg1E=","64vJ9/Yg8V78Mj3nkba9kw8MaDDvcpuAk5e+gdhg5/M=","hXm6S4HXhUWckQY1LZHsw5M1V74l5TtO2i/6/ozU0n4=","BjvEuZBgAZ/oa5QWjq102vgjsDngI2mJ/Wmgdcc+OT0=","gqTGugEBXyNWSwsY2QIzkiYOnS2Aa+IzHMXb93Nnr1Q=","EsuvE99AZfB1Gl2QRqiGwV16mq9q2HJvhlyJ4C4dUjA=","E5+KHVCRaPLE4/SjuCN+bSg+bujDBDVSCtp1yXBtUbg=","5dS3K5lxF/tV1abR3G/Lvn5xco44kX4ex+CL7L4IvQw=","SvAJrNlvh9BZFRI1De1VW+86hHOOY3PfdgyLYLT0Bxw=","clTdSEBIGGN/8av2dzT9dKxJZTV9zkpdSviKGCah6Dk=","XgBkpdiVlkd9eGhh84R9fulFOh7qx88TiuNazlut8TQ=","WPdM5dgLWN4Ib/EpPuan25ab+VRR3RN1wrHKbV2oJ+k=","YHhjtgXeItdWHGg7biLvA0lwfY25BUKq0UOJBq2yD4s=","DRaxkiw6yFqJgndANHJoIidzAWiWa+lxdOspxRu7QF0=","+xqjmqgYm5/Bin3CMeIsX8sSecr7R5xwiUfMUcXnRH0=","r0D/4dZXRfkDyPki3ngUZX/t4EUSHEZYFPsxCBo/qy4=","nMngDPNp74y7AxMHsoRQ/XWI5J3Tzze4ywml9+0D+xQ=","rLXH6ChhVRe0PF0SlgJkQXxsHXSTD8CG+QptmAoA0EY=","UihS0JMQL35aQfk7Dk2o4/jPYKrvsOnws2ZOu3gof3Q=","HVeohjmuJpulgvii3sMF1WZdFEL918eKVFXprVg1WQM=","qmXtRd/4lY6B+3qPMhOCoEXrTvjwVQiyPhsB6uLxC8k=","yZEI/x/h030lRCk6EmFtf1rmdejsR9RtCuJKwU8b06g=","SlOIkOH/C723J0ssb0eRciuByICEWxaNwOo41li+knA=","bgKzxQxb4J4U6pC7NzX1x990SMvh6hcYS4F/ycMw6bk=","QEcQWvjlAWO085gYJCMqhEgStha7hOcVeSeTSacLmtk=","GCJBXm4qSftzsczsGM36Axh4iZdh0uXcR3uJM2wHgCg=","iqUxMzL07HYjfyGYLb/LIKWY6xQYIkPq7LLwDqO5CsY=","owe71iFAs5fbJQJtQSuSG6WOvHXqVws/QuHqzPFTcwI=","xU3W3OSwX5JfEhGTc1z4vSupwzXUoKEh/JDY7Myi9uw=","Es94GeUVUH+sIxxBetbLFfTrkHGmWPsS5wyHpBAX64I=","1yv2kFpZ8YmZoibRxQUZy7AzlD2QeeyV9Kz/vx8oEt0=","hfZAFFjHJLHQnFV82YHOMzVJhiX9pz8O8pge2PF8j6M=","rfCN6/f3bHhi7GA0tjPsHYpSA5c+CpKXOFV4drmwNWo=","vCtNKRM+p/kuefzOFDGhifkwjl2hlSgIezxJGqPlH8M=","jcaC+nQOf54p3GnX+ZVjl/9nyZbMlsX/OZXZLIj4dto=","nTMdrdE2AOKJ0ia2agRTCTu71ewju9bUXEdITGcFSRQ=","imTIZvmLwjdWsoaxF9ejRhkWz7/TW31jXaqhnP253ew=","h1XbsUPoQXAg7VnG6wyxQPkZmboaTS07dGtYdXjjFh0=","QkYLg2Mkkj54h0la7onQ+5s4r/JesF1Wj7O7b66tDVc=","gv9+scfUD+lC+mlVxy4BDve9Upa4hQKaYupOjMc7moo=","QckifVE8WG4hfvvYrFNICNqNVMWKGOAZ3wjmts3qjwY=","s62/hrmxBbNt6EXRmbqBI4HlFVxw+R720hekL+7FHu8=","kYcHpLopIDTXhN9CJZJfhMLUTjh1gv/5JUaIBPS85Ns=","UpgKpSCzhSuUMFsD2HH5A7r/moDCv9Stem076QIS/Vw=","xp7AcNDx+8TqaA7jNpQdSzV1+tNuXf4uYWRd/Zn1x1Q=","XZ+9/c3BeDLADD1yXlCBv9QPVd5M4A99Q/HbvNzetQQ=","ioj928VvouO/lluxpU3lW81KtK193FzWejzOuWkMn+g=","j5pHykxe3WH0BiM4XXyBMVGCpnBToFUS2c0vNwHrgBs=","sX7+fR7RCZ53XgMbW82GPzO+CRNmpeMsBwFOKN9WONQ=","oMtt8wR+fBF7RwK4lgxVPYZwUtIwo/NL2xTDPRg5rCI=","OPwzwr4n8SIFIUsScvCbm9PIqPrLuXT3a3pTV85Bw6Q=","ovHcQmK7aHbYLOpVCLQzygwXH7VivlEU/ALjMMm+3tA=","piQ7WbjmT5hUOqpbGdtUwdVbu3zBvCzuwiimCj4VTl0=","s06FyFT87Tw+9uw1bDwQtpd+2AGQ4QV+KkrVV4p21x8=","QA5hkFWxxCKQOTOYcDEvmEReFxvjY8PFeLkv1dt0amU=","ibIsPngkqxkQ6rUpTk34mQolL8xgu7bwnD0+M74026g=","YowDebjkTkMD5NV4+dXb6kOWXgYj9jpQL3HoCNSkCvo=","fKNWrjgwitUMxFK9bcNWd7qYpkuf9vXy6IF1YYKvo1o=","PUtEwCXh9KvED+txfGO7xrPOStAKcDmBq8kU5s+Wlkk=","7Zzpff1nos2sVlTG5ngC2G6+yI0YjNvXcAyvAyxOaww=","vpcxhBbKBirvPiRmyEFmMMbZoqshNrnSp+MBGBqGBH0=","+Wz6diX0+ckAuSAP+o84FhWBA8rVpJVs5JLAG2/jtAA=","+KvvHs0TNaiZQwP+bEPJil7n2L7MxKCn4LZmRNZKsto=","uW5fwG68ABcJ/KMMcrooQbiaJfGAEM+laSPKBn+6tiA=","0V8IusvnEDAUtjaf7jjNhW2jc+UGYnUT+X/QHo6hOAM=","eSbf1rzWdDnzUaSNU2kAKCbvUMDS7+1VeerDM3NQz/A=","Sr1BgoEee3W1QHEyBxvLTo3jI0VhSEJgGJRI/TFLe1M=","guhiKJAVZMzOmvSaM/9HSMB7ZDIPUFwtjzBPNmua2n8=","OpN5WA3tkbT/C1DrFr40ypZCczJa4Ygk+MD1pRFiS/A=","CXNkehL3nN3/bk0JKvuKCoq70WiBNMK49OiLie7YOMo=","WtMNP8nt3AFRX3U4TkibLQckoIJjxd0hlZYG2YQOaYM=","mXicWsp5qfYzuKi8phj385+RA0p1DWM0ti8O3IJ3dBE=","oluEZyMkuMl1OrL8yTAfnvE4mURM3jDwN+n9fc84Bsk=","wZd0s6/TnoL8Jy3nRhBELslrVr1x2cGNw/Xd3/++Iow=","cD2dhAMk9IsbtHKoF8sz3RZEKxMpUriCwY/NuRp7vBo=","q1dPIb7KAdaF4ox+CdU8ZYB8G3QQCpnbRO6JGQY7vnE=","NHXKwjNq6BM28te2Rn29Q/V0gFUdSUh6vE38dhK3qNg=","Yrf/Sp8LLxOdtQcQ6ZX8G+HBgVf6S4vQSoN0i3Fv4vI=","xyfRObOCmHKRPEgC4/goq/3AEFbzP2R3F1Ng+xANLHY=","h0gLIHTXt/M2GRfVBEZB1PTgistXZkjulHmBtuWAFrc=","MFgoHPzoAU6uWZDROEo8sAuidneSUqcOd0mPPWoAnQc=","xXrgO5soM78yD4Dw0GMitoChYDPsZXtog0NTfs5UyUs=","CcgunlPNyxnb8Rf6ZdxHp3DRyyYAUgfJqdhUYAcH2UI=","T7u91AhgJfXeffHh6Ly1hRzQQpu963bFGovF7QZfzBc=","48WLP2iAOQ40hEkU+vMdR58Zw5OVn/81OISn4eHH2GA=","CUhMmJgtQHGvZlaL/J1ZzrKe45lyE9SyCa2GG27JD1Q=","9+7lmomXziKH7TJdFwOPQg0oVV5FWnfNCIdm56Lvyps=","v+vXzMEvptEU2mrgfKWdWlifoMRlVHjlmb7CFmDIxWc=","ZqWxMSXMNnHjvrIQZuKZ1zdgRnSSgFNsdbHNPRU/sUQ=","4e/JZkd1FwX9dhYYSpes0FJB+jGg/rPIWeDPTNCg71I=","VjFDrsRZNQwLnS4S2ch+riRAJ6/tfD1Rf7vOpKPiR04=","1fGw1QL+tIDSDcRdVMsRmSpn3pR9I//0bosoXgdqCWQ=","FC0fB46e8R7N+UAFmCTIgo2dDEyFzSMnX5xEY67WBk4=","ukbP8xTeCYlaPtIyGwhyAZp1sAkOz8y6fvdvRwmBZF4=","poSui4czDfPDuDCJxboGhrR2r191L1lwDwrXvzk4WkQ=","fnsahmm50Tb52G3EAYYTgeQ6Pdy9sLfwtRl5CUGsoMs=","Q3CTXst6JIon+3FX9CBeOTiU5k3nUl1pt+otX4s/HoI=","OTLcxeyqW6dUvzh6yx4FNGTQmbfn+aboXVkFyTDhJ3M=","bwy5VIjjBSz37t/SwjZ/sKC20I7l/P76cPY2le8WD6o=","2lWj9w5J+b4rcXrnx6acyaYs7k+sPHJipaY07Pi5Q8o=","OZiAd3RJaVpPZN9VvE0lDzMDUacD9pQdSPJyJvoJcA8=","L0WuYhSbapd20Fpcxq+i4+56y0Sztzbka7Mutv7JM6o=","8CKJFPRMLjYfaow4c/Es4lIYMwlGSlM18ADV7AQVxAI=","WePF4HAgluLWiRMPS88z0BDFH8DnQls1GNIDVswSdP4=","SCPIkTsY6EyQ78vIh9qV/LeMUYLaP4IxJrw+E4yUT4s=","Y17xx4eph9DIt2x30kx+LxkC1/TrkSf4NilcMrXT470=","9FCtCFv6ifN1MzuDS6Rl++OJGIdyQX731ulj5AWcn54=","QAyqrqtkM6XsuBCZGPb017D4WQknCawAH8J5A6VJ4OM=","BQtnqkxtdS4FsCpoLyVoEZ9RUbwleXluAzUitB9Jwq4=","q5CJyUNptAOkIT2EcSABT9SZipqkB/q3dn6/vbM343g=","CZ8MgWK59oLX0YBAhKukbMHvsoo7VzLbjwREmLt/+qA=","pp0Yx+rORlj2stKtYPntYLhqkHuHxmJsFUPk/uvw5dc=","UjMQN2D6dECXyiHmICyVAPtSketoVf8CB/7xO1EW9UQ=","69GpwUA2AWM9TDwWYo/XpcwTHF0Y425qdOQLTyT57Ck=","WZCciFw1es8lLMsNB1fuN6KeEUZHLLNfWzkA2xGJKoY=","htc3MQtDY+2J4lBkMKcGYzvvwqhyslNNCGpN43QTmec=","aLud9r3cfdlAu4nbOJJbRJwZUYMnPKRONxDhMamaU4g=","iufg0vDvVNVz8OFQqEAiHfuGCwo+9mCwO1HV0hl3/u8=","pMrv72h25S/MzLPrVTBk4ZkGMxOqDxRO6gUfhVN7+lY=","gAPPbagKhq8007tdCrU9SazukFYv2UHqE5D0AGJRYHY=","5kFnY3IViwacnMe2ytZ2Q6LnbDs+8D3HSzA/TmkGmLI=","tnKIyrHsV8RMnWHKYsAkL2Oz4Bn3x0La+3NrqwFZuxk=","Wo/HksK3Xes6vTM2KK+OL6M6Z5i/qh11bCIjA2jcmfI=","jVSjyl9pnbNPOMrvNNfqMPEmxUsz8WUkUd9WXJymO5c=","w8F9tMQLGOhlYlTpi9DExO+Lrh/LO8CPRkDQc57PRWI=","h8+xFI7dsRup7wbQB42uZF1icqqkr9wJvRhdFON1/Ig=","tgErE8Fz4i7+r81fAZI8qFzkjAY62RCHYnX/5eZeFqs=","9VzVoK1rVubUp6xjAJjYxqFLfM+gTGd97jpdODiFgOk=","y9bWJhDF2gU1iULhuloAgG8pTgdGv7yw4J+rTQivnl8=","RgHDAru8oGcDkwYXn6meRE6mfeyIN5m+a+BlvUqjlFM=","6Vf6ucdeop/7q8a1b5hlWuBXor200w0PIysPj+nAIGM=","Zfe07UrZgIbbSWF5sWcCjDrV33+tzQFNPhqI21+k39I=","0XWw/79YbWH1b7sgXZ+OfkR5i3OoYtW3q+PVbhW4n6Q=","ZlFKGg7U6wZ284Z4dcC2ZeTPA2u2MnZskzrksNCh6/I=","wVGvEqg4I+000WWpt1wtaw0IWq1k2FYDhOIVREw0Xj8=","oQrp3WosG5b5rsL1zE0Up9nGfqRFjLW1Pou5Cg1YYfo=","d3iXyRjp5ON5rph6AcnNhxhQWqbv43llLN1GSik8pgk=","86L5GGQ0ig4mBHb0w8G4xl8F3PKic1O06BCMcGd39TU=","kVNgP3AtRXXlXS2qWiRhLe2NoP3M+RZNx+1lLpBTTxw=","zQGZRFzZY1o4VKeEQtAiEOKKbZtwSb9afmX5vpfGoZY=","u23vN8wCStHbm6FFqC6sj9rUgbEpH0x3Ie5sFWuPLZQ=","alb0p9Uo8epwT2/8MOwLM+L5r7F4D0QusF/L5s2N2Nw=","yHSDzeS9rkHhK4UoMQmePKx47iRY++kVy0m+xDglFVg=","A7wLaYL5Qs/iaGE1rW+8EigGXnFFYUU6WRQxACXkZqU=","TTWEJS/cWwlQW25FDUC+YJSI40rHEKfLLW0HYS2agEs=","QtXimFcQJCbKTdRNASD19LTNbsYF2sGKYmV96ZkzVEc=","D7UrvpKMEAOKO+cDZkOlcKv5biG5EJ/MYUOyWQEaqao=","jlUGDcT4D2FUCykfcIT2oJLbCvkmOYYNsnx1zfinH+o=","LhTkXttACw1e7XLNxXb94Ml1Uqr68MWUBGAbG8sPbGQ=","dACT5sI7e4cIunbVLm6ZmsSGVRIvPV084bsT/cZiwCQ=","Nn6RpjI73wndV4j+ww8VQAFPPv04JWZ6F+C1c9F4brY=","JI/PI2oewgaJR9W28QXZgJ8Nn3q6YtZkeTiOzcrZud4=","TfZnNgPd+VTuC+Qx1vGYG15KtfB7YOohP0gWfo8kMXU=","SK5hkEsITvJVeCCfLugncj/zPzAmz/MQs68fTCqabiE=","Yb5xbQQBSwlDNQ6lQWa/yFNZSK028yI/+fQGxpymyiU=","bVabszr0u4jUEiUuqekNJnCln1zdyFEBsx5Q6VcOsqw=","x27DXZPShDi8tN9jVxuevGu1UjqaXqDoGOea5OpLlso=","/UxcJGZfK5KfJwITH8h9/9+r8LGxy8IbdkpIi8L20qc=","ofsOgj4c/a79JTKsxfH+HbvhON15U3SwXwl8h6hCY8E=","lRJLzYtcG+l891UvRPQtwOH1s/g42hm9gign1Iz6jWw=","UEJQQf7jq9lT51/0guiPQ0Rma1Zjg6y1Y+zsV9/ZZck=","uJEZl/cUB/+UQL6ah+2q9i3iiMRYnR318r976PofPig="],"block_size":4096,"path":"js/omega_pac.min.js"},{"block_hashes":["7VcEZEfGI4WpmvNOyrf9hwkFVjiNhwCj3EudsR0Jl3c=","2opkLfmQ1OCIPt5IODnpwnZwRYgg6oWskuSTo5+p5vU=","ZeZ7xysA8RoGSzmet8DhA6z+mj9JzwlOBgCUvs1V7Tc=","Cug787q76+ywdVrozHTl6lSFEdwuOpBW4wPvDxs63HA=","2GkMnQY63lujCwnkTRj/d8pozkEyW0+xQ1G26VgHBDc=","dvpNq7uoS1KJT4Dd/vrDhVkikYLVaKtE1PYnDPXd/ts=","78oMxHnFye/Aa/5BFekoI5JClh2T7A1vwC1GfEkL6tI=","ZxRlzrYozkDkcFtcSDO5GIID/3XAE3rQnOXBs/XKHPo=","9mwYQyfLn4RGn9laqgqikIaGAWruvQIMa11LZKu1t0s=","MKdXjEu2AA9UbtV28BeDXjPP1e/U8WtCl+QuxtyNfkY=","nSgc68zo2ICvc7DUk45+I+60PBeNnA8WBlNyvtF+LiI=","VWNw5XKfT8gNocPm22+KGAaZf7/TUWlgPLgkZWfIiyc=","p3XvI9pxI+U+90hU8/VnSh+ZhljMHr9D3iPIzU+EcOU=","+dV8SJwhHEebTp9K8id0bSfBfu/KpJbsKKTWtS5VwVc=","cW8riBIOUOGwR2Q+apkDhMh+QiOe6DUZFw9JclupxvI=","KnqfDMhN+eIvhhm9LaD+DiZBp7tmToj6cX6ynvsiu3s=","rEHLwMEp3bVBsV8pMQDuCNYwsL7P0geo1zMWaoUNNYM=","6TTp1hO3fw1mk6OSxClBLdD188AEUwJGznK9M5ZdqUM=","YcXBpkqaWmmIVJBFd7maZoqJPHHSMoRRu6ez4f66t+4=","tClvVqZ34BT3LH+OQLdoF7do5ty/ld0jEdC4s8ft8FI=","r50ddnXDzYbCLsMUvBnAN2CvUCrtYp52Ce6D6Q9MijQ=","7l6Iavk7daAo2Gu//NXKWwmz+F+LMeJ14b68FjrkwK4=","QDZaxf6jnVljcedBq/I2sODQJtm/gX8t4qPxwxnzseo=","Q63LrMk/b6qh/Znr/MysRbV5+V2XUfDoJBLx1TLjsSY=","tvnHtlU9bdogQozZpvTETjE+hZMXDOyD4d7gz3N15zY=","Owd6tLYKGIxLgLaxFmWyWjszMv531TfF1tZAT6XDf1A=","H9U8XhHkjwduM0qzyB8By7qm182QudzliSSpRBMlBxs=","xDMkF9p4HqFw8F3yuot0BPpAmNV01gAX+9dY40axPJI=","i548OdnmFLALdZWn/Asg79XqhEjE3yyGGngMkBZ6KOw=","W3I4A76riFl0j1CR4/pk8zxxkU7O1jZPpxqiepw37EY=","FRKZ/22E9Fv20KAA+FlnmiWpSfmO0s/JeaU7cloEUVQ=","I2wa9rX/YTM/S/V9GMUswXBL88zexDJbfv3yos2Xcbs=","AF8Imc/4tnrpra9P7MMzOkmt0ZJZdsaOqIpdI5PXbBo=","A9i5GP+iOt8BJPg86mDDbJ1l5isFHhG4qg4h3dnmDvo=","lg3l7ItpzSO/YZhDwwglJaRjs0d9Q6dsQmM+m4piu4A=","cY8RdfP/Z025OcF/jF+hTCuGRUkeNMNKOvdHLo042eU=","tA+q8j3btixrS0R5fj4uYDvLaFokatiSjkjmQF8w0ak=","pEJH9zMsqqZnZ7q9n1AQG0xvNA5WP+gRY65Cva8dJSA=","nQCcVyY3/yeIpusDgDqO51g2tiTC7AqsJBjnTNZA1x0=","CZkts8TiJwLFC+AfAc+nFFCdXvbM8zI5dJYkR5iMzEk=","MUGPJmSJzJEP6X9eDD9y72jH5UODMla1cxk2n5rwnDg=","iEs6GUmI53Axx6O87oSiOL1WiCVMBMeZYByhYuzGFuk=","sYqfY/V0UNu02DA+US2zoZK+zoesBrb2eAPwGMd5yck=","6NpuROswOZXN/uLAsVU0IolOkLOIK+LZ1Qcq2Xrywbs=","V9VIPkOVfyjAje+Pf1ubXo595jLmuFzLwBpY1rDK6x4=","6KFKN5v3v8iyowG2sAL6yG0Sgkff401CUXFDtOc3QLk=","Fo0XktMzo8KixLlfb60yXF2NHC1T+uchsmG5E1lXYHM=","QOBn1pmkLRJ78AAvgfPYZoq2fTCxiXX0HNlVmk56DDU=","UWRVfudDuDkdMZ9VEEjVHBYrBgXi1d256e2SIgpTrVE=","jhE3FqwdSaz3y4cF5/UkRdFDEj+cnCzqz+F0UWTaGRg=","zPivQtTHcO9la1AK+6P4GJ7cGoJEQzMQnQon4NeJpNk=","T+upg1EoyCvuof14TJVt+6NZKi3IDkl0lxvevL0AJUo=","tCLqR67Ro09ECoXN0keRrJGF7HOz7wmKBflT7rR0BJE=","sIEYd4oPo4HyQYb9w80aycw2+GBwFQcIUi2M7fqWjx0=","1BaUBrFdEtJP8VwnOlWwn4tjzvtT1QZM9cbw49MlBnY=","tUJ1X+25p9PpXSZI4ZGHN11URAqDl0/CypmI03zJQPU=","aMwntmE7XSiPAbvXLjwPATV1dCn0qKCax51t/+EWsiY=","jdKINN1OYEvpl/kAYlp9OjVUMaGTJPY+22RbPyEQ5jg=","YKmbPtVzX8JP4HARXZ7QhKTHXwN/SAywuYmpKh63tgg=","GYx1xNX3S2+mAB7lDIn6EuuI0iV+iuI8Afjw0JeaMuM=","zdViBEDryRYe/2X634xrD68JOjH8RStEhXPhuBCUL3w=","IWEF4LHQYf9yJ4FN23D52RGWO/6bK8T2uj4Njlw08dw=","NlTmnBGJJq4He+jLHr+a7Ujc+sxGEB/vXdKL5lw9+1c=","uPD2x3kySAu9KSslXz1kDCuIiSuFv31aizbtYGFNlco=","2lac9ef9zaEKyaWRAoyehbW2nNauugoe3ttR6CGrgSA=","iDmm5P1Qqi0eins7MrhkO57As28VJjiIl7pXnbWQ1TA=","pOix8pzylHXgYfjoTSG5z4jusXfsyomahcAshVY+YYw=","rae9GbaFh8+J+vYADswN5qhGr/z3W3ZGcHoY3WA3+jY=","B/Rhz/RmMD1sTXSLDNMho/10Mcn7pEkokh8i9gKqIBU=","+bWui/m17t9uOGlG1bMcv5NJLAe++NzwbBx/Pv+Bm8U=","woqJqfxulALnFQfTWgsNkPx9nwYwjQzjFcBfieFlYcg=","6kCvUaxWcWQQBG/Nz7GtP2WsHTcGAxHlksWUrKNVOzQ=","cjxMtPBec+5EfWSoaCAt0hECWgzkFelUDfZ3/ewI4aA=","fdc0cvpDbU7TI0nO+4VOvRIz9lMrnsX54tzTaMR5m9Y=","GT3YX+L9B8hQra99eDbK9WM91mI6nN1ZRRnvgwneJug=","W1HloxcLOgL4svsl4+W/yif+zEm9Mxt06U7nG5DFuWw=","GBtlrA3+nq5GZ+0d6rTzFP8FzaXkTXsIj5DtSRfvpHc=","bEBAZ7f/g5RWfXsfbwDtXTKHqT7n0vs8RYNiZUTkxeU=","XEc5YdKdLusSy0w/Oa+L2GVlEB4dmD+0z2/5Xdr5vBA=","oZhDdKkYiUVyBLiBAhDQG2QsiEyTF8ClQm6QF17lbXU=","BQbGM08wUA4pSdkVm9WG2TlUSikcRsolbEXPwwJCLqE=","e/VVWbl6JJ2XaQFOSZSin8ROE4DyOpiUfKm6U2KWD5Q="],"block_size":4096,"path":"js/omega_target.min.js"},{"block_hashes":["KYdGpC9ZwfQNjR7cwLTumHey+/KBmTydSKFKgk8Q3AQ=","1D/3eAfUQyd7MYtKHHdRU2aqlnjO9xoAb4jJtX/2W9Q=","QYs9XLs8276wQi/yLgdfEjFmXDkfLW8jMaFeo4A7Fbs=","iU4j43a8I6ujwdGUAahkrliLYFeLDiA38qq7lhKfNXU=","zuebMdj0fjYOwQgog6sl0NS4JEM7MRR1wV17H4VlRxo=","6X2lfNpbGSuymrDCPfqlwIFNtyjSbzWm5G6W7KFJlhE=","uyPj4QkUkIk1KfV/TBrMnGUXAUGeV5h9OPHV29r4pEc=","dxwlFZSxh0y0sRrSUwsWwQY+oEctjBa8jRg8T5JLMjY=","2aTG8YkXouqypiPzhYTsprxGnZFvTWCc/K89g4OoglQ=","mRhBW7wKjFUdfHwy/Z5+9DI42Z1O07Az+AlM+LZoIG4=","mjJpPFy3tRJ2xGGDJI1xyq/8zJl1vHTBM3vjPenrfis=","0POE6cYX8MI100Sjw0YB+sSrVZeaxXAgQP7PRKnGpXg=","HdqgnmQvCZcxc3J+UIqUaEcjQkz6Cvw/iymbK5DFB8s=","HQQBBG2VHOSnSFaQyB+1WVRH9jlbp6k9Qrlj7IThWX8=","XQaiEtwMelvS1Cosad7Iam52zWvFJtFwPFS70gXuLzg=","uwQo7M+nsXYrkPl6axUqWvUFZ/IyCeGOFfQZ19VNBBQ=","8wu63br2mbFVlwenpdSU9Z3zo69n8d+Fp064qrE8PcA=","icnz/ajVkM/UfiqxLn/VOWpFhbhUM7kzV0LwzkDubpQ=","UUn+OgD1t3KGPNPdcO+GDrxYMHeG/OVGj4T2QHffDz4=","t8Yq12hsNlVj9e4KxvVXC1TYUfUnN48ydv8h3HS93B8=","NAmj4T2+kr+V8KSc5vtsCb06JKskM7YDoDpuxx4mVXU=","CH/6DO8an0z8z/K5pGu5QQ7jXAeM0n6bLVifzlT0vDg=","9uvmEgb5+cN6HAs4EG8NpKHYk/BEd23kO4AKJOpw8Dg=","BcNo4++mq2zlZyVV29SIf4YTzCQdYvkPDNR5c3lEDFM=","ePZHj2uLX7FIZfIgYx/8MgODRKaBZXjItZztauk0f9M=","bqpkijGynSnPkxRguzcp/1pD6FxYKWBPT/oX7N4jcVE=","mBA7lAWeq+6KpaVG58rNMBg1/hxMhQPEd6kE3/0ZNDI=","NInXJ/nz05FlC2B/uiCqpCbOR77PHJhJk/9Q9bPMb/M=","6/rPW4bqwAY0K1LZ8lvY7tkBr+CKY/8v3zvOq/4dIeQ=","XmWuQrGDo8gKLMPtDIdsuPsK1RBn1+n67Cwqye5qn38=","1gIuB1Ca+xvhRVRfzypW/rvqJPbpwIIZHX4/UamHOmY=","lNxeBgiZ/MnEC8y54iZ9gOLUvADhcW/aFJ5VyLK6LQ8=","pdSLjiBFKNgYoMNcQ1NjxpmRnepVwvG29pieHFNpmUM=","NwkMrBRI4ycQp5d1XC7w/wxjnXwt+za1fN/mxpG0VPg=","AMiuVfaFV+4P+bXHE/KbQFsdu9Ctioxtu/yf5bB+rA0=","KT3xasmL0+GwdDLt15v9AbptrNaxG3M/2x5mlRNE/Bk=","75iYP7P/8kwTdrvs6mSiP4sxSRTi6OLVqkpUjnRMmZ4=","NP7Udh3GPWJ9DjWgcK2D2qsvweRCw6uVNcHvapkE6bY=","X5hVGttzDh+KOPXGugkpFuKfdPn5JcuxN5P5wz9/VK8=","rJBqrVEJ98B/Q5rU2ab/4PhQKsAS2ZCb3EVfGf7Cg8g=","yrHiKHpWW20skITcez/7GVJwhaujnTaA+u1oDmhvZVw=","7wtxb0Vsef5bWg4C9mlceJeJBGo+UFKoUnTSJR+BsIo=","DCZgHKOnwLaLpxPR0T+kIRW7eEvwPYekMFAkE1/UpKY=","Cr8/4rRvnIJIBNSBjqxYxzofOxH+2lwCNCQlikBo9VA=","K9V3KwDUe+iXynNR1EfBWbcgCJqArv/BSw0INe7fjqM=","1/daCcDkpllzdpNs6vVrSnVjoW30hXEPiuw/HJj3XVg=","ddDPm1HfPrcGtzlOw+dWR/XM6CkYHeZJHgDyTBZ25wg="],"block_size":4096,"path":"js/omega_target_chromium_extension.min.js"},{"block_hashes":["Mg+zKfb6kkTuBA4ATFap5m0/b7ZfNJPfFDdyOyUr1r0="],"block_size":4096,"path":"js/omega_target_popup.js"},{"block_hashes":["qfQU7Byneadw2qS46f24xD6nTeUcfgPkTkHWtNeYbFY=","Wk97JSwigXLkNiheVWtHDM2im7aBf/nVfC5/mMeNHmE=","XFOJT7GpLthCsyVnNzaC0P26rOqbAzKzX4Q1VMuaEA0="],"block_size":4096,"path":"js/omega_target_web.js"},{"block_hashes":["5weX0wDelW/M+PvNUgHN38blzYIybu0zPo4yZLSiAFI=","q0lKRBll9FjoetWatPoATa4gvdipQbLe0yK245l0PYE=","/UuJ5pVjydjE+7IrpOvBUnMd9klhAyN9Q0AvCiggsHA=","RnSFCTWDz/0A5BPxFE1iPNgiFXQu0v0eE9MZz6Pykvo=","+Z/XIIYKn8bEiZfSz7/GUJ6hpUnZwgXfwmV72UNwjWY=","G5L/91x9K0rwOKSFSWcrsAjmBQ9jla120qIjRMOKUY8=","/iyiUz7LzywO7VV2XrX5JXJ3idA1Zjofesl0XQIH1YU=","p8eZkIXYxnuYgkpAnz60ToMixUw3rnDzt0Hqe5PjmQE=","u68y5uRx9rXIz3S999U/cYleqmP/cSJH3c7+krU0wBc=","Nwfq/6d1DQTakuDSpVyk4Ra9sRWJX3unJ71UvVF6BPk=","NkydgEQC4bmSWnS1maITSzpwgfDV8DkZYjD8uZZJbNw=","kobn4vKtB3wp0IXTiuA0q28TwCqSG745h5w0KEiJsX0=","Fg0XARz7YfyHGryT+qlux8Xo+PoMJPr+UR57hRzh9vM=","rADj8UHfMhMheTpjXZ2lWyROgGGCKKkC4thZGgUj+uY=","ltsY3XZGZWiM0ummBf1N+C3ZE9Bi0ptqwzn45qORSx0=","hADAAHcg2UCLt0hBDLGAwBzV2efvZsbVZIRDGeriYvA=","zs7XvNNFGEpx9HqJHjx6mFvcxmBdw7Muhp3RLUHkJ/o=","DUyOD61L+b/CiFkpMfcHRRFdobeQN7F0JImUv4Mms8o=","BHluah8Pbls4DDiMaEc0mmPyMCafDWvS65QAhRwlGXA=","j3HPD4Um3HbTyUSvK2a8NTH3qZOk+/ZC0G/PTXiHAjc=","mtLELnhlPD74vycoZpwT2NJlgV/d80epZ4+PexKpY7o=","FDwC6QJaOuyiCSWHhosUWR1WzdtUhHQTAGNaXTYDLIo=","51AB2kkdNlCWKJ3r6KJGRWPJfXARVrKiBf6YDbubm8A=","faFU4DRpymlQo5RAv69G8XYcpnXaMOCZFXFylfXvLHI=","qC1bYY8sVlCTDgKD1bolNQ9Wcgsd1w38v+YdkDP2Nf4=","niWdNrg7Bd4PAtIqgCiKL72FXKKI2V+W7RyPefOdESk=","JMBrSwq56h4Ape5R1hhoWY5byo2ZuGuhQyNZXK79Q2Y=","v3Yq1HWtsdSCdzAn7Yn4xBaTDd2Ia8Lq5z7QGGukUtQ=","GmLzvYRov4h3LEcXu+NyXNo4bycr6BE9tCDpa8QsDNk=","DMOvamgxXH0LaUy1FqjFzS44i4R1VvUSZKafjNJClmI=","bzvwK4b64Gufp87BH6VqU46OIwVhsG2dCZRVAKzCnuw=","inPZ0A0PkmQeyBc4xJ8YPdsQpIeYHlcnthbA1xTF+Rs=","TwlGVOZ0XC8gZ7WJmJZOiRDGlbgnt1za9fnmdKGnkvY=","1Oz8lba3N/bkVvUx71N8mTDIVpKaSGg+1b1Muh/0vgY=","8r4welyVhmCUp/jzaRAjUDp2X3RYr7aLP/lra65/6Xg=","XEfZ/cz/4Zgr8qUB56TJc6FfXrRCxBGR0RFFwkL5yes=","22STRGNjb9ofdEni9UqFHTaNUaQDEFnO/7M//M1xo8s=","ODdHXaqRdI+ab/5rN7141hXWfQfNX8ee9O2oPRqLTw0=","HX5W7AFPgJjWAQrBKYav/a7bYrbucnrEOv+rxpZk+OM=","c4dh83x5ETaOZtjXcpNxOysJphP9NPKilGG9VC6+4mQ=","ViUkvEvYCMVt2skgHybLxzBVw06m5g5GyP0qwwovdDQ=","a0WJTstvzhILY6nZEMvnX2aIh3c1XPE1qkdJEE5vCgs=","PmiSF8fatTDdVLbc22gmbjxhmf274YsXnn4rWqDaDoM=","AZICyLAsBn+wVywpczYPTg4NmosbwZK8ZsQm/btTaoY=","cPWQQRupCD6jF1Ol3VtrsY0j3lua+E41ouj4h4V5RhA=","FWChnIiAqs2QFc27l/Q9O8IMTGQDJr3NNvz2qI0OGl4=","/Bhlx4brqkOUmwUNGA1B237lhP7dONXzNsjxfn3ITo8=","LdQGutVy4UiXcbGMocvKAcdeF6bX696Zgf2z6FJz74A=","MMeV6tGebiJMpsLNaEkxSBzmnKdUMjPeFr6HUNXLpbk=","p8tnHUEFjfCXonAk0p4aYnYYPjcI+Rn/WpTcFuKeArY=","nVYwlDFLiZX0izvjuyRXoWLtCSiX5jPoP3xiRro3rtI=","UtndF23WlvaCDBbfop7YR9a/9rWspzwRvTWCR31ElYA=","YkIUW7TT3Ys6Sf5vXF9Y73aZRPN3gu7Pn0U0C3K0Ywg=","m7xZlRLIH7IGyssjCs1fMYtEHWtl1qQQ3qncmuT5V3Q=","3AaIyQbaSm6ggb0PZbhoMCQbrfIjl2J6vx0o9A6glrQ=","+aIJHpIHQNab83GTBDYfeRaYA4K9CWTH5jT50MxrESA=","x/nQPoJfQVGueBjm3PFdiojRtmC5pQOzzXUz+Wc2kCM=","X56uSAT8JpxYq4cNnJ+REkZ4qrlgriUhY1KxSSQ92oY=","SbWV8b1m2HpZyXRGPZ0eXs9K9sHSb/bpO2ctcvmVYs4=","PGiL+ue2EPiT0Ur+8CTGWn9cuQPYJBuG2ZhEiDlRQhE=","Q8hpR1TVf/T8MAGbT5o4LqbEuyZoz/nLs2O1XfhJong=","bN3s9ZYCVv1y9PYiB31mzEUe+1J2Ve5fyNcuNd4P25k=","w+112srIGJBUhuHxrDEsNE1fwNDEMtcyrp6ixbI2bCw=","4RF2YXnjo0sviyaqcRnMdw4cE8L6zmxLHyJHzgtMC0I=","kPKuaDSqiaGyFWdCRSluzv+KPHEZeYg5MdnIt3jBEmM=","ODAc/GyArHvJRkko6rKIlXUOsjDy/JIjiTrkSb0fohk=","8mpRImwx8cg9XIYK0VGuaOhAZiAcc1z7x2Uv7hG7ZOM=","inTWEcdaXwtujUKBQ1gTLGamQyWEYjx7wCS00rQFhOk=","K/C3tBY1aGLgirVykzj8nfL7bmJmHZH3q0Ez4MVkdGM=","WBuay+YT2+PBebo0WPLesP6aZ9fgGCjPnnEJzWX2PHA=","n+rVEl7bBqrJCt+YE2w+udXVVYReJO7oZiENEOa4pys=","9Azgn5YxoIYMsP4XYKrs8yir2OX6FlDIi6UyYPxEzBI=","xjDuG5e+tRePA//7hUV35s7onOX5H1d3sVd361alZF8=","Sk79nPz/b6mdEOUOISTuz9D4q6H1eL2aj/o2z9+xs7w=","wdKmNCeZoVVvBGfckJh6qHEVcySX60zWR29RjQzaHuY=","WG2IUmhGtqEIWKUIYaOBsAxqRMRwN1dV6yZ3Sv74e78=","TepFouhUGv40665frEZ/ITQujhIg2nOZfOtqGmhyaBI=","Jige9cJlrfIBqiESQk0bBYaCEj+Ey2pJg5cbboGI3/E=","u957B39xNDIE2VAQjZ+j+hSQjBXob/RrjHedDLyAJF8=","+R6TMG1BPfJ2YCdpZ5CtmL2/p6PvM0uBposkpBx4Gco=","mSQ9Z2/UFa+KjT9M7RvAu0kOYhAEvU/yjTRrRGzdxYM=","lTqZkruq90azrPEUm0UqgYIQSN1GwgtjZxhdfqfjSI8=","oQKVpKpR2/8RGVtP8wKAPT7chIQZDraIvCKzaQNdWuE=","lUfBPklv2gzOcJ+T56K59yjdELx6kHh2pCI/qMEYrVA=","ORKc/kqequ9pI3Q1acSehy7FhB7OmwOO+NdCElMark0=","3t2gB+h1iA56EAUcnnZPZ8pSgQTeITSy/zjvpXBbfBk=","/mVRDyxbXkDJBNNNOzbN7bySsmagvFdGQgfsGZwiaEU=","2hmkmZDbQIOR0e7PXoPsxYQDIAapcLWVDqIecQ33upc=","MDlda7AFrEHCE+9RxriFD2K+fvERoIhDl3AO8dqtWRc=","Jmo3IvxJF4hVcFUkUvwTJC0onziZcBNIbVdTt4xtS8w=","TpUasBHmIXx1Swz8tUTrWrKesJuEN0Xp6d7yO8u/TaQ=","g6J6hZzJhdHVN9jbd/JDJwri3uI3UmZDwbeHAfNHJnk=","7S5S0MSCcEiDAwEtGKC+gAgUxmqtMd7dsDtH23yCvk4=","vqzMiYqTk8Y8KjC2NvgsYrwAWBvcELe0kn5Yy01HdFE=","WQzT9Tv4SRQzq2ixa9E2/5csGrpENZ3U7CQROTXDRmc=","T9N4bxiwWM2+WuN7DhXlb0/PLE4pLHYr4jIfWIoSIGE=","zn9zMDAMsgUBrrGXK/e1MSNn42t3vPkdcUtSTP37LdU=","6fHC1/31TS90u8ArglStJsqm9Zfk/P4n75KBggC+uSc=","mTwJz1JAArEz/jVJHFLduoLGa4+X82cNxqG5gZf7MA4=","EJ0wzyp9KrtOy/ekzDzzkHT19UUQYT3IZVZF2SQcT8g=","M9K8LgKP0kd7gsVi5kcMo7oGEZLOhXAB7JVKxA7GJRo=","qsFHf+Ty54HWIVY/EJBWh5etfRMzgqdYG3RLgXhPGoU=","AZ1KlqGITsNa4rB1b4t/DcPl0itiEtTXdNGFvUMbdU0=","n+morpLZnz2zTLjDY+1WUIUAh8DbSy1fuLuLlalS+Wo=","lC6Hx4cNjPEOkaRfInGw1yM7StN5iF2zbpZIy/OKZBE=","In2xVMOQUeqNwQBK3mcBJ5AjQ9ATjNoq3gD7HsKNvwo=","TLAMKtgbnu8Z53Lipc5Kbe5QnuD3vJSqHedNBJ/0734=","JeQkrLcfvBTojSTQ2mypRxT8x4EnUwxcmEbSg2Smxtk=","2yEX7yPjBCNXjkrbFKkTJ66W/JjiY+A02Cf7QBHbp7c=","oPG7dJ7AFXR/mWX5sV+F6ISJSPas1CWPQRNwBlF7jks=","gtBxs5hLzJKKpjXQxIxkY8Qx4mfeU2wZKOkTFtZR++I=","6ojxWZ30X9Mo2xHpEdNMswvNHA/n8U459MT7EBYzZXE=","/9j+ZHpnS/o6DFu9RAhyxUS08HyQeFBtW/CQekVpY3g=","eoZqMDnO6JN1x09Y+jdIgwNPImZSVF925O7sdbSFsAs=","uemgUnJ/8Wm/7Jv9w9ccc8X+rU8zGvMFZlhSTAotqko=","hFMKB6vl9uBLdV13Zyb0+FS2IiLvFerg81dkj3fE30g=","+8Z6yJPvAT13O7r2oQbWfuC53+ORB4/Nms7GmsNf8KA=","2GIG6W0cDaDyVk5abHkOQMq6mbvMgWF/i0YFES35uYs=","V7FkIbZIHXSxPt+gPcPpyakVn8o3wxEZVmEcpifl84Y=","2lSrZ+jzU8ThRM2NWz+kxQ5a2GT4OOQR8TWH9h3FxnA=","hzllcKKKU208uguQXR1GDHFQ9JH0hCvaB0NnfvWW/1w=","3eipyP6rz+WSSkti+95pwH7cWL5Mmb+ht3SWs50v4ZM=","wIH2lxUeeUz7RY+k57RtHVLYHUk/kfYyqn03iWEcvQc=","GKn8XFvPTZn3qIrwPDXhsm+yKIQ7WfzBsRrR3a1xQCU=","OhgXFCbO7tTbyQEi0aXDlvm2nDXAJvTp/s/8N8fCvVc=","+3sX3TvW4hIPDrsxkzQWtkEiBDsDa8DszIYM/O4kbfY=","aLmglLFgLTpV6PEGQiY1g77w0I5rnN5wZ1DZio8UUH8=","ml/JmPf7EZzq5HsTpdY9hU3mf1gaYeBZ+d87eKmtptI=","izdhnWEGscT9MzcQn1DAOy/n/o9WRE07hczZVubkIK4=","/sO1garWnEoJURQXDIUIGOj2X32li90PU6qqSiTDdiY=","Iu40F1Ws3Py/FhLbQ+YziXZsEd/9jG0FqNojtf3e+5A=","sfQQjY49myIZe93u/DgA0fbdfIUwpAuMp0FDvlgln34=","mnWaB3waYNmEO+hd9vKNGithWNd1iYlHODaVWejZ1ek=","GgiA63e5udPr44tSSJr/LqGDTp8OL8Wrm0lGga6BD04=","k03IL7xdUouLWMd7XGIH7DKTcHZUBqfYZlKkI6qLUew=","cEXgEVlwmITl20OZvl7pEyW873tY3b1pfsbHMIuCUKY=","igTyTJMQuEKcTJOsT0KJkFzVINDJANCqmIaplhxnqWc=","lIgKTWYwpeb05tknda0iAaDyn9BpRCczeChTVSovLKc=","jgS9KsQxhdVVbuafGvsfmgEYeDQCSTQGFn8qjbV51tE=","eY2BXtkYTBZyYS8vuOvTeabBCrGNiyT3saNLGhCL5tY=","VpEL/ArC+T+ciYhD+KK7bsE8qqmagB5spMVyushBUGE=","rjjrxgxBg0iQQhP0gzengEcXJZ6dJ291qq8a1r3Ezjs=","uvibePmhgV+zIxRsp2EvXbbrYgejs7dX2H7FhT7rzQY=","u4s0ChoGwqTGB5lUbTmDHhxmgunN+ybE29+ae+qF0mM=","8ctavBbZiv6SZM9g4gs8YRJBRq/H7wkZ3BSQiqdZ1L4=","R6ksgAaq923wWGUWVO6vDE+ll+/Ui/vkGV+GsLXbnag=","NrqhG+xjuevfUIp8CYHvY42BcQ/I4P8CDsNMc2bPXAo=","hLrsxg+Z3Rc5VSeJqwl/G0aAj6wCLe+5bXLf6LtAF9U=","XvFPtG6L+FBO2v7zJdYEHryPfH5n+Vd6zd6dvN1H//4=","o+nnnaAC1oUZXUnbB1MzegY31HBk+rCXRk+nVQ3vBLk=","gcsLZQoFIk6GV2QeIEcvm5TZ+ETjuSCpn8c/Alp6b5k=","UCL8LO79BjyXBrqCEZ7ykUtboGtZxqgHZSGYrEpBn3I=","ug5RnguEPXIWMQK0OPcvzjpffcC7x7x/uuvwXBQQqpE=","OMSxbF4COnwcDSqk+38M9Qhr/YDrTFct8QIGQ/Bwogc=","NRwadiK1P19zGqEB2jGTfsx9CxMVL/WHrFHOOsfvRN0=","1Sy/ic68dTtpl89tLcvEyLFCgkBAC940KJMLL0HD4GQ=","ydVHAdoujykvW8dNBV6u0mM5rWEM/hgiuFN9p8r5eH4=","e6KVxP8aWv8tPuW1ASstcxsUSYrmvhKNv2dVT8vwp4g=","Y9gob07UfbRLzSyNu/yB7zJEf2il1baSqNY5HVuj2SQ=","dgbiqRRqs4UEcR3xhH6iRF+EcDqbsrlcqgCpRRnUTN0=","0wGv155wLA8qKIpHOejYyN5DGDfRsR1dmW9aAye4Ff4=","IawDU820062i4yeGFiXhs/o2K0lkbLXNB/7IOryWx0s=","mW7oBmNGrwMhyyqSV+3LmCTWfx6uOM5fJHY4+WYBV4Y=","FrJKxXc9XnwNdcHza5vkTBr8tz/7dXvm0Pki3o9FkAQ=","TpEGFaOxVSm+wexiGfFsN+FXDWBfp7nKTVJpQxrTskI=","BhD/djVQ8hliQzF+xlmuxxgydF9FbOu+U0/K3Gc/GN8=","UI0II6nzYBymVidV4O7wlQAIhDe8/rEdjYdCy0oXVuM=","dGEuozlyyJdTrYhkMQgVQcc87Y7KNVe6WGi6F+KBOZ8=","xXYijduILAONGSpE90Ra/n1xpd/LO207t1DrsuJ55qU=","c6k+IIf1tvQp01i7wXFe8I23nB5L5Vl5H/KhrBVrXcU=","lxwyBI2Zkxhn0uxBszgCGq8oulWUWk4i7Qh6RfvS/P8=","AmKNXioi8ogYR7RHS1JD46nBGCsdVX36j6y+wSykXFU=","PWKIjW64bsl2JENqlQOmZQ7SKvXZJLeD1BYRT8Cppag=","Oi0pDt5SpBiLboWSb/aZdeLxJ0P7UqcZg4FIObSYs6I=","JbpXc/1qdyalWgAmRv2p40rtqlpOccHzUAXSsRHkEBY=","C3wkL6MgwEHp3jvbkXB86ycYYuwL8+gWeI7NTeivgMg=","fO8t1tP8PdGADDGbgenjiBcCYxhwHMrIqObS8YYb+h0="],"block_size":4096,"path":"js/omega_webext_proxy_script.min.js"},{"block_hashes":["fFUi3axVrZbg+PZ8XokP4CHVO66hgFmZ+X8NUgu6Vok="],"block_size":4096,"path":"js/options.js"},{"block_hashes":["B+BtFmyv9QtWJPORvX9XRL9MaYt/XOEI9OK/05/Vep0="],"block_size":4096,"path":"js/options_guide.js"},{"block_hashes":["O14hwxg3WyyL9gqsedl+omr1WmOysYpxqcDnUR1Dhzk=","tn2qwSUPEmYSxLk8aZaUTo0vtYk+Qt8qPeTtnacHz38=","/cN45NZ1iMxggPsDNx1c3WSkVsPAAtGoXPcrIp9+Qzk=","GU7z0YT/eYxD0o6GUbFilO1W5qpIMT1ngCLK9wAnRFY="],"block_size":4096,"path":"js/popup.js"},{"block_hashes":["mzYb0g0SMBhCRku5BxqbabbWNMKq+Ln8U/eldGvTUPg="],"block_size":4096,"path":"js/switch_profile_guide.js"},{"block_hashes":["lvxVCkiWMP0aFLKuxoy/Coo6AmSj5KGxsWe/cpyEkh0=","qTIvf9sSYCTP0KLbOSv0SSV91mX82XdiNTHguyQD69o="],"block_size":4096,"path":"lib/FileSaver/FileSaver.js"},{"block_hashes":["FPJJt8nA+xL4RU6/gsriA8p8xAeLGatoyTjldvQKGdE="],"block_size":4096,"path":"lib/FileSaver/FileSaver.min.js"},{"block_hashes":["XieYUuxJnRVax2HYuUCRSrAhFJAY7o3izhBanXWmzuc=","Tm883SttRtDD5C7xNbUSIKJro0YtIWF4C00oX3t82HY=","/k3932wARP2uC6HJSb8pK1u3VSN/bc+z3IhtBCMTzzs=","7aNsoJslLpP3a/h6MQTUpqWj3MbZLJpCVQi7Kr9OLc0=","rKvQAgx127p85FZ1ICZPaA1JGDwvRhvGm5/ML17H+GY=","7ZD6/gGAU0Gewqqs2AxDlgY7gnhNRAP5dDMMXKZgVAY=","hLSKiDbS71tA5vcI4zcASJBr6uiGT5xMxkkfj5zciN4="],"block_size":4096,"path":"lib/angular-animate/angular-animate.min.js"},{"block_hashes":["d2pu2MMjV8Ou9wRQRQTP9QWLudI1sNpKLErJjn7tJZU=","7ZBgI+rjj3i/YUCimgzH8yVAj4uZZffFncEjn75rZ98=","Vr2WD+G0JIWFnRwGXlGEkf6z/eJnxPzaKQLr97AZOf0=","bm/Zyqx5zycMkXv67fTbSJUyIATJPmK0eckci70O6Ac=","n0c1B4W9AL8hQMGYSdmoxBfp+Pm2R2fw8DAiGqR6NDo=","pytRYY/gLvdGOo5fsKNDn6dkCznlk/I/c7sIim4SNes=","3Xfn0b/EdiviNkOY09keaP9nE+dc/bJvNDgsiqeKEOI=","qXhPUqaO60xNZwcH0zmoi350oAQv0QIUOI7xiO1S97I=","1I3lpN/rMu7gaImHSmXg8VPr6DEnInPSEba4kjOak8c=","lKEkva/K1ZsNdKlpPq7WHWdAWzE4cZJ8Yl4ysfAr3ek=","duQbeT07VCqZXR2ml0WzACK0PTJeCrDnlYw1Dgu4A4c=","W1vHX/wINr9oYC05fpgkjidST0FrOFz3jInQYhT42jc=","RZj6faKwntVJtc4EolY43cdCA5ObkyVybAKsvbvj8Mc=","mYUKnr7DqrNW/SfWVBjWeGSMHG4M9Wb+mzwa9S/3psc=","ou7g/Y+EOl1LNtTwfSNABH5CJMqN+JmrKOOHXARp6qU=","o3Q8CUEOz4C7BEmz+UJg/ZBGYZRwxyBjj/wbXYplIOM="],"block_size":4096,"path":"lib/angular-bootstrap/ui-bootstrap-tpls.min.js"},{"block_hashes":["vhqZsRrN4m+pMUm0VYO4aZTH1+OI/9JLC02hfrfTP0s="],"block_size":4096,"path":"lib/angular-i18n/angular-locale_en-us.js"},{"block_hashes":["RpsEmNOV0Vca1wEeTP61Xj/5D8tgIE9UpbVQVjUJJz0="],"block_size":4096,"path":"lib/angular-i18n/angular-locale_zh-cn.js"},{"block_hashes":["ySog9FmHMzzNSEhw/MLD/IRQvmcpP3+MKXdfRUELxtc="],"block_size":4096,"path":"lib/angular-i18n/angular-locale_zh-hk.js"},{"block_hashes":["Cd0DwGwvudQmxtiHjNckQrKhxCBbGPCgPR2qV4QjxDc="],"block_size":4096,"path":"lib/angular-i18n/angular-locale_zh-tw.js"},{"block_hashes":["KOR3Fal1Xbv+HUqBVhGG8RRFOJDW+IK3iwTlpiVXzqE="],"block_size":4096,"path":"lib/angular-ladda/angular-ladda.min.js"},{"block_hashes":["DNQf++qRrJq6JB5uoo4/4I0uxRL4YisX9IAOTefNjRw="],"block_size":4096,"path":"lib/angular-loader/angular-loader.min.js"},{"block_hashes":["SOqN26ofI+DEQxw+n+pQi69UCZVSufppdgr9Z/ubcmQ=","jGKXSNQ4fKqpgCa7t0w+xK2KUP8OMbraoJuwu5dFKmw="],"block_size":4096,"path":"lib/angular-sanitize/angular-sanitize.min.js"},{"block_hashes":["JQJg0u9mo2XFx+Ag2sYlt1n8YH6/B9siVXoMH0dRQ5w="],"block_size":4096,"path":"lib/angular-spectrum-colorpicker/angular-spectrum-colorpicker.min.js"},{"block_hashes":["rzQh4PaaTopfxU6YQw/kHDe8Y8hgPE/Wqcm+3OMY8gQ=","G0nKw7lR18iKduxkY8PoCEg5wlzbwzMXM2vVvyfos54=","63NtBaMfHaOGM2le4cnG9TnvFp5WamI6EGf/pUQkM48=","N9brDghiglHuV346JneiW1ImShjRZ0k5E5QS/zI0+yI=","+QInOt7DDZEN27WWYYnn0GWnE08BF8jNA99VnB+3310=","Tnac+9ypeJBJ2D8MDAg0V3a9rE+kEVi53p7oAd+838Y=","cDEGUZbZ90/UTp8TZt5CMz5kbICpoRk/X+uW+VhnyQU=","7kXHMLL6SWTkcFlkD+eZl/wfLXqCvDPl/IlzIVaRv9k="],"block_size":4096,"path":"lib/angular-ui-router/angular-ui-router.min.js"},{"block_hashes":["AO99a7+MCRDQAUF9ALSDs7WeNncxDK4u/ruWydStCEU="],"block_size":4096,"path":"lib/angular-ui-sortable/sortable.min.js"},{"block_hashes":["IskUqFoPhwCaLfAe4Kycdr2GomB7iUvmgbUokqJdW6I="],"block_size":4096,"path":"lib/angular-ui-utils/validate.min.js"},{"block_hashes":["95PYdEmImy3gsTY0EPO9ATfrdAreSR9UVUh8YhewsSc=","nunS0C+3TRsYi+s3D0a+TNbKH3mE8waULL0ohEaRUwA=","yTp5OaUdsBqdKlR06SsT2WcCHw9liAXrMNRmbHOh1WA=","zx6vtjtOVSCMjHavwS9kwSRj3Xp5Frvl+NMQIqZB914=","VK1Bk0HgTNX2JpG7A81vs5YzQHCJcV5k1dyDBfEeEwk=","LFAG4qLdQxU6RoHnW/xI9+8slCfKl7kGyKwTTDLgzZ0=","B5UEyIRtVMJeT5F60yKCrodGqkiU0GDhPqXNKMAIs4Y=","j1FeqdNTHS+Jqp+CViGZEuRHPxbHgnJgqQucK2CbLwY=","JKlFnVdU3zyz/tTdCHzN9GawqDtBdjNW5izuep32YVk=","3NIPXkD3frbXfaf8yfNlY90SZaROpOJvJOghEYC9g7Q=","8siS2jMgqangGjyJ34o7pzYnckse42ewaQsN587e2h0=","Q0DOcessYWBfyM32JL+Qee1W9AbyMkWJUwz22Z+flv8=","vUzhhNVd5LJ1XboC99bzH7pN0C5JvGbcQBXtA1RF+yI=","1617YuvwX7A5Nt+FZ6AU9SfqFacdrpJJqiNPGMNXPeM=","vzi9+BvXBcyW8qg9k5A7+UnG8BaU+wlwsT7IyXAgo90=","QzJhvs/6FOzNpFjaE5FcmalCrIgDDdE4Qlp7BZzjbEE=","vCq8U6ZU6cef3CZN5icTe/Ysv9g0Eryp1HVsgHgt2N8=","jEwC1VY8yVWHvcvmQwvDQFy6VrkpJW+yIegCjZxNb2Y=","ZMqRswRSHGXngekmX16Q/PDtPFyekiAKCIVLUMJDKAI=","NY4IS29/f7lYdTWFXskx3m742UbNVkd/0rlJ+5Eo3eM=","MM/qe6bMJ4UyMHnQkNLbHrV+9ZdGtroBFLDqyYM3W58=","cx4unuFh8BBcqdEvGeKyVZh9z8k3IXJ0i2/aHO+imtQ=","GQgaTnQNvnSjJVooLfqW2B//pwvYO8XoDm3+WuZNuqw=","TOGej/+/KTXlnh02C+bNonlSjU/BLVVqRYRd1DGoeW0=","mlyPqQhvwJwRcNHe/OT0RRSqxD0YFihJgoIc+KgQkjs=","J87/0tMBfKTxXxbR7NdNCDlThwtsBO06YEmiBQdt24o=","XvMv276Nwc8l0N+P6e8zZRudI4QhG5c1+eR1INDCwTw=","CYqqPiCePMtQou7YvFrNCTibzYmscoaju0DnogNk86U=","bVYNEqWzTDQHBD/Fgk+ikDEOGhxscJXGStOs0Knydhc=","YdmbCgYkKVgvjcLoLky42JtiQiM73PfcDr1M6sZPNbg=","PxiIlYwEOn2NiaJtgNxJOUTlZoQm+I39nnJjPbP71qc=","I6KkMT9IDffJw6DqZGuX976TMJLCNNALpqojqgwXHjU=","69hKyxb6bjy8vWQXVOmW9gBj2mFIX2KqYwPqnRAim9A=","O/Yov0s9PrXmG/kovvR0Mh5XCkvML0TsRqqVY8Shh2s=","e2VOw2mJSGiBFkrSX0zMVdsSyYE6rFuWaQXXPUpIlVU=","UahUp3HGWg7nLfGpyWnAHj2aqRTbDSo7lSOp2HrXwq0=","oiYzGmB1z5Iuu3K13wVkpXhQ2e+pqAFGFAWN5ObMQ9Y=","SgPDyrwvb77p/zmswf7Z3r/l9bRIuIpvmiztf8SU/MM=","bNoW72MgTpU9MjBWS83/HaaFj9GgjnGwWrP/3k1rBlI=","hdIUaJes1fwv5QSYD8vZZ7aCf03TNYo58VF1uk0Rhog=","sUnPC6wiRmiuQ7HNo8wA0DQOY6rWNygznULxINbembs=","d5xFurP/AaFlXXb7YysjJdaSXboHSeR1kzDt5cnVL3c="],"block_size":4096,"path":"lib/angular/angular.min.js"},{"block_hashes":["riVG5/tly2cp/sKf1uGDF5Vq3pv2UFpeLF4mxF4gpUw=","OT/UtroMV2zd2h5+AiSe4bizAqz3qiGTtoHYB1sYm/8="],"block_size":4096,"path":"lib/blob/Blob.js"},{"block_hashes":["yvAnVoCKUZC8KiIUrDr7oxG1ZB5KS0XzqTYfZlLlAuY=","HHEINfKb4TcMcM1/TymM9MCBJCeBSDkVB8363ucm4M4=","5bSesMkCSi4HHsyzb/JOLv/QZZKjcxXmBILGrJGyfYM=","hnXBA9hpbVqwb7kXoFHDHN/hUOnmdmJSX4CoqTVV/4s=","gan1NoQftJz9dTsNZVYKCrOa8g+8C1+Wd+9l2jj0120=","nZR0R5CFtIHU3TqrSfuY8cV57LtzntapeH/6XeJKu4k=","8FdNW/JKmxiKP6Bbqnb29KmNUw0F/98m6SYPdotzL9U=","pNFTz/OFcIHnpqh4YzVSDaX+LrOSkD8ah/GAhm+Sx+0=","5R6XYUboTjikJbBL7fcygQ5I50Yu8sDPdWlAGWW7zno=","2ilUgbhlmudzFqC7wZHBhYLymmfhiyGmDBwHjgYtN4U=","c4odZ9Si6ScCQOI4sQingMcHO1Csd/0RHJARIw200Hg=","mwXx+KX19/50IBWJ4pkKxwl6G5msobkW4FJDKMqp6do=","EnCDU7L2tF0gxx+Jj2alPzLk6LMbJOhYpJK3enb8FfI=","0mlcI4kJjPWEX6nb41shl5759M8TsGUuYYfpgk+nUy0=","gcitoY63804k+t4wkqs0AuSoJ8VLufJfF4NgwDxkmT0=","Dmlk3XzFcW9O7/tkX3gixiSXHO/TcEt1d3IqhIoxOdI=","iFElPHT9SEGfeK44Fi8dwynqQspULOx+tqywI/IGpIg=","xdCH6BT3uH+cypGLG2NRc2TxRmveJYogulHrCriWRQY=","Lb4inPN63klEmexvaXgyB2KHnyKybpW4yN9qX4pRP4A=","oiaBqvLlSEMf7diFFYWe+jn3A4MTkX9zkbpGxuEQVRU=","HzZ71vdI03eC4RlP4kt6ONNmLM+dxE6zLhLUAJxjPBM=","o3Ih6wn2PygsQDUeY1NZNObp5BCvLJcElfIB/xb7h9Y=","V+RHVBhR4xChH1AAtIVay8jpoi88cE7xdxf5Y2TBRZk=","FHcn8HSZoGVBeNB+c8xXx7rrjsX28Y2LLwcmfVAo5mk=","NJj+WiZcwjlF1E5Y7C4ITSdZYRcNPqkoF+mOJ8fuA6M=","y4YiZobAoOQQIKSnqMgB2Sb1XBO22EZpMPID6OtclZU=","R/pFM6cnpFchN/1Kj0A9v4X5Bg/xpxofodjH3hPULvA=","KaZkPNN6HvvcSN4JGGvpaL/TA+TCw2/7k3FxOXtrHOE=","k7CNoAOXSxTGLrkBhuHpPfg0PuTXBy/JNGv8goVVIyY=","O8TM3Ju26ux4nlWb/BuZ1MQ8a3Z0WzWQt6aWLThotYs="],"block_size":4096,"path":"lib/bootstrap/css/bootstrap.min.css"},{"block_hashes":["zQqgax7s4YYE6oFJm2QkD5NiBX2AArwZdvmGImyGL0U=","x7yoXVagEHoaoj1TvwG+mXDLGdy2rlbkfefz+MuoPIk=","4m+KcqHyEqhZfhHRYdjvcMaLiWmq8kG57dnXFBM8yA0=","KFWQQrTm6nQDPIym/tMw9LHjVPqow07H12dX5G14Ib0=","nTC4avYu3XPKfdxZbZiYtW2+LD2L5LgJDu6ZYlpFIyA="],"block_size":4096,"path":"lib/bootstrap/fonts/glyphicons-halflings-regular.eot"},{"block_hashes":["DUIK+6TJHoEp2jz/YLIV7zUkVM/ZxwjyQWYnxBK509s=","EaJIT3GtLhdhg3tvJOYn2P5dzS5C8vr5AokL0ONmLHw=","sZ2L1G/3/cleL14J4US8rGlHj16NufwMNPSIjVnTHrg=","D67Vs5rnX2UVs/mVKloFe104qDdbYSpKnsvvmEOTBeo=","/cQP0QfV0v8engQgw96aXcauED4PXSEW4W9S6bvL1wE=","KyVrij5QPBLRcH4ES964CFj70Qjnp5tEHvOmfoxsP1w=","8f2TqS2fzr1gMc9BZg9Vw3JBiPHL5OD5q18F7m3JTow=","zo1YtWhNsKfH252COTV+Oo4tPmMD96L9hsMi7OQH0vw=","fi5ZEmMqb2V5Qoaf24KlM3HQ/zqZla+VBjZgQ2mxKW0=","QM2Aa69qUqql07oWX9DMbQfjfcuq8hGnm33gqQtCmzg=","G0c5Dkpv4bg0FSJOyi5ME2wzkxlilFBr6PAi3YOvfq8=","9a+NSOts/TGc3gOqJ7QPe9brvs/WaSIY5XRuW97SLyw=","Li2Wv6bY1qzBMWp1xdFfwVV3c5tfGa/UL8ZdIlfdFI8=","cWMV4XRYcbngrUYyt4TZFVW95aNZbwq/TH9OrW6rghI=","N7+GuiEpFGIxP251yQ7F1ktL9AAw2FK5fytwYuXrEjg=","wf1EEOHe+LdZ9bji09Iy//Vm2S/i0nYVxaacyowVSzU=","7xeSE89C6U+5W0sG/HeQZgIXDyVHhACxTumhnXAVE08=","I+IAGMaeqIebb7wNmSy0RFPaxXZHgwYkJfIEIuxBB4k=","4OzGv6KDnHXtmeWmyUML2ktNgtfjC4OsBS2Nu6nQ3s0=","rSKPol330BImFqKWPMfOaJgc0C7tmOE3+zmVseTXBsw=","tDVjIBbSVzLhvpAxWvj+o4w7lfVYPWoq6p/dEk8DGtI=","FPyIC609pdpgigaTauAOeKLZCCxrb8h6y2fqVw1cJ7o=","9+gYNgInDhMyGt80U7vGLoEfsH3oj7sltR8ZCVYo8rA=","QnfWd0GlbASOFt2Kihp990OjxjkT3tdJ5D5C8exUS68=","ag1P5rQCyxd/ZaHxTOU496h7VV4WfNDnzreGElkfmVg=","ZOh5vratCC7AkAR+YvKNcxrvGGzTxLCde/LIJLbHzxs=","WlIwEEGsSgfslJRC+VGcwQ+q42sWiDK9iBQh/a1K2BU="],"block_size":4096,"path":"lib/bootstrap/fonts/glyphicons-halflings-regular.svg"},{"block_hashes":["UQj8MednkP0CqG93+1hlZyJQIciadgSIQlkzFPuqO9g=","3sCb/Ral8Y5shh+upo3ZR7gr1mI0msBjOtDvOfWSP+I=","ejnIlqNn6/Fakv8AQUVxAkrgSsRImTiQFmAxopjNdFA=","+L5zRUb1EB71EhgV9Fxo7ajdmKMcnq0SyZpyT7wIpa0=","IO8iChrU81ZJhPRC6q7d3V8L9CPoB1txCv0XP7JVAxA=","CkfllfXJ/oRgYeBZaWZ5d96ndjSzl8uktfNuiv1gTu4=","29HrB/SGUYYSTJfZRctxQgeEQKIY5UF1eMTNg84xLEE=","Jg3FaCS6EeWIDET69KrSbR1aejV8kl0tE3UqO4R26eY=","x8uslvxbe193tQlYrst8RFjBUqIqo4lWWnW9/zH5CDw=","c2hlBrl5UT79AV+ypuEeUmx8Y8awJLYlL4IKv2zvYbo=","6JyPFL+/Cyoa5sGRXhW1wsrYQJLnoo1S8zgxfOF2Pdc=","qRF25AvxvZp1VJbl5MM/5EG52WJw/1IQ7moAS3vhzVo="],"block_size":4096,"path":"lib/bootstrap/fonts/glyphicons-halflings-regular.ttf"},{"block_hashes":["tZ4ReWw8lCN2x7lofUv3C6dqWH6iSH/i11YX7TMQ5jk=","3nCWhpueUFCeWduPaAaHIbx+gr8PorpnNeF0WBj+zIk=","AqugiJ1m1SQmGNLvZbpRZIHbL9z5p7VhEK7UC4s7ZZU=","sb08tG9DMsNqVy3eOd2ib2hsodvpCoUv0r4as5suLtI=","2+NvT+M34sDgWPMgxomx5GN1VcQgWyNlBwfFDex9LcA=","XS/N5mwnDp03UryRNjDEs1sjZjMxjPZAvaoJ64oemLA="],"block_size":4096,"path":"lib/bootstrap/fonts/glyphicons-halflings-regular.woff"},{"block_hashes":["x8H3vJO6KKS4+GI97KSNjgGFZClwivRQxhVB7hJ7mhk=","cjmKtvlezysLIrcpUjE1/eezGj3QOxsKL94t5eAMPWg=","okvqaADJ1XLyLubudIo4/jmMtmadT6ss2+qdKKQwdzA=","Grvfrctd0d2maQtDOhpGdNTeLMbSu/bbhsuJ/7Z6eGc=","tK+KazDXXmTkYt0j95d1yTYiDsPJH0dZrBuXp8R9XMc="],"block_size":4096,"path":"lib/bootstrap/fonts/glyphicons-halflings-regular.woff2"},{"block_hashes":["gRnR3PuV2rxBY7lFIzQbmPdjZ2JR4DRsuEYODXkdW14=","gdCLNYR1ZDG3a61YVbB7qOVjJ20Ww3SEM08PhsJQHHo="],"block_size":4096,"path":"lib/bootstrap/js/dropdown.js"},{"block_hashes":["ksKJ443kD+3CoJVxX+U9qkZIUfUAsu9tbsIGLAWXdbM=","H4nF2HOXybaPFRfZQWFdu1YBeoqBOH58X/gC+Tp7uNo=","joRSNR/8mkhpTDk7opBpmCo4rv3l8mncafnOoI3ddzU=","NPYdsMnMB5MzEFs7unPPmWSMNyak+kb0eyRfykJ2XVg=","+1nsw9sbP1cEv8J/aBpH0Xq4bc5KE5SMvbHOc/iaWZw=","rCeAECD3PSgttRFC/WYsm/oA00cElG28lxED8IPOeGM=","d1UHCP7uDEGuskmmQJngkajDnj8osyCjoMYS1TK2Jl0=","N3qlb5twggwpKe4kKbEioVhkxpxxfyIpJF6ORs0tjKo=","OHQR/vpd7XvN48V9+7dAjNM2rZMybJMntZsDDdeHD4k=","HmPKOEIq4PHrgstA4k3aGS5CfXSaprAjRTgi8eH1UNg="],"block_size":4096,"path":"lib/jquery-ui-1.10.4.custom.min.js"},{"block_hashes":["khvDJYwjq1eC6EQQmpC61S5WZKr1AdO11FdrIXdp5Kg=","Igjt0r8J/kMMUGo81blpOKOWuF8n1zUz7LAQpxmf3ek=","bRrFXn+2vuFIoVIwkrpQZ26/2rfcP1yD1Y5gOH5DgJ0=","YREw3vzC7BveK9Iv+kK0xpMJGWRr+mkS6wgHhsE+NZE=","I56TAiDygZLyMUzQZ6E2/rbEcRi66xDaUHdoyV1enHY=","c8mi3NSUXYlAUrfvtn7I3Kem1YMaF40l6C60e5Goe4k=","jbk+M78RwlczOr8egQBKulpEfaXpdKOnrOox4h03G3Q=","uxg+9tIfyTbulBvc34G52sKmRUYBTYOBJZftVxLlJi8=","7/aI+HPD3OhZjTKbrCftpI0gevsto9VS4ib+w0n40Vg=","Uj6yFjqNcYZw+EfrzgAXF3qtY4Ru10KwFtwxPvgN9pc=","uqrKGYY6miyfDYx+YeyOkAm5hFq//pN5BqNdzyGSnic=","AtbPKK1IxQ7p/iTaMOcGchFU1u4AmebEAC5rQRIiaXs=","D829BU9eDO86ZMDBhhEgu5w4V0ONeCy3H+7ErUyYNm8=","pX+tFWquqEGfqwHQMorIPDTMF6o2T3mzOgAgu/U0T2U=","KCDEq7loEXWDr/AcDrUwkmoPKTMihY9NRbNQp31FWps=","SoCLTxfKO7hV38ukeRtNEWQLC9vdj2TgfIbopXT198o=","KHVl2cqcgJGjAJXOqy2nmP3erYuEBjdqlGvMxjswk80=","vNNZG9bZAbaZCwu9ohyTHXk+7y0/tGk75KTWlA2w+d0=","e6Z/JIupGOnMzMUJSaVl6a3sscPqt8wqMJUuqqgthnk=","yNA/SIFIhoYMtP4ObqQS1to63vvMByJsMKNjDEcxjb0=","A873K0ARFkIz5R6C7yX1fHnj0LWTFCEfwulxJkJm9Lg=","4/up0+yC11xIbjsf3jvatmzzPelinTUwTKpwp65RzUs="],"block_size":4096,"path":"lib/jquery/jquery.min.js"},{"block_hashes":["AAhU14J4Gv8bFupUUcHaPQfvrdNauRHMt+S4UVcaJb0="],"block_size":4096,"path":"lib/jqueryui-touch-punch/jquery.ui.touch-punch.min.js"},{"block_hashes":["z8dTx+kR+isyw2Zu5iY8DSX+HJAlno3cjagV4FaEa8c=","0qcT/rOvruBvh4tVdU5hTWT8tyu5/Mr97e0hHS3TwzA=","gZZWlLWTVcGLmxU4pIVXytpLilq2RcuARBLxyoVMyxo=","K15w4F5yqCYYYcBNURECgLxBmgCDg6alCTzqPuj44HM=","gx9dXm5KSHSdSeadhONT6Ee5f8AX5qEwCFBnq5L3VTI=","xbGTGQ4WG8Ug4lfJKV6i+1xSZWMe8VSvCwx4gicd15g="],"block_size":4096,"path":"lib/jsondiffpatch/jsondiffpatch.min.js"},{"block_hashes":["aV7S7/SopBoEq1EHj5CccctprgUSOq7IBt5Eas8o0oA=","mdZAtkCSgKqirgS9IuQPROwMJsLkP29H57MXn81HtjI="],"block_size":4096,"path":"lib/ladda/ladda-themeless.min.css"},{"block_hashes":["QX2BJPsFh+1Vok7+Gl3ifnUVu1nE7ulGXfNqLbOhydY="],"block_size":4096,"path":"lib/ladda/ladda.min.js"},{"block_hashes":["BuVU9z4OwRNPe3mPf2cGgS7++TpD3EDHO6+nPSHZOKA="],"block_size":4096,"path":"lib/ngprogress/ngProgress.min.js"},{"block_hashes":["kT0hbOTVkjRpjoJJGdwDWN3IAwiBPCP4dNMDBvAUYQI="],"block_size":4096,"path":"lib/script.js/script.min.js"},{"block_hashes":["Q4WboACNgZyVsSsA4IZB20y6YGpAaTSuGjEl81hG96o=","HMwVGmeZFiH0SdNRWYWIZQPnK8skvcZSR62aStCcNW0=","fwrKX8XYNEpuc2/a55i+YVVg0cMu96/eOa5OPKwf6ng="],"block_size":4096,"path":"lib/shepherd.js/shepherd-theme-arrows.css"},{"block_hashes":["CaTqQUAAhppDCPt9InxrByx/0F6elFIB1DEO2xpM8nM=","HjuyRnepNqcqQc7d+vw0aaFXW5hCk/2Gnryb1DqsrCw=","TvODkZ8BFasayvTaZW186tVOeh2ZHsdji3QOxDC2ZwY=","k/TJyamqfmmS08q173TZkeP8l52E+5koc4Cuuigir14=","v8doS+oE+PDmUeHhQzrXzg8PGMKnviQjQBHspAKqDmE=","xTkMkoC0qDdI0AyjVBoPZ+8QcaggSwiGdGH+O/tECWc=","IyUVUwBRbJZ8yNLVj8sLZNBl1RSvdmXItS4wpPUD/N4=","Vedw4o1zqB3hc3qMuIQkUjsHJmjkiImZv2F7bIg0z9I="],"block_size":4096,"path":"lib/shepherd.js/shepherd.min.js"},{"block_hashes":["ASFMe6VFc1acKGk/xNEW8NIbFQ7Z12c8I1EPsGsiLc8=","SIltMD3tBDWXEEyZFuZrVLScUIYwr9232tVkYncILtY=","8UgVPFlH2eImPwjH4BScFRgQkS8DI6MCeFoumMh/VKA=","C+0fAD11jEviKBEXD18E6s4LFuc8zLpnqZqjLXWqdNQ="],"block_size":4096,"path":"lib/spectrum/spectrum.css"},{"block_hashes":["RQSXDqQcuoiz3LiUmx0Kztc2kZyaUOmKZ8Ez36ZtBLs=","kXG60ophN6BpxSjTF2PorE2vjNZtf4dZeKLTVIJ7FUM=","LSmgJ8npr8sI+g3Q3Bra2OIHZqEKJpLn0caKfrbZTrA=","IIPhxVdvaCqfpyVwnXjUQICcAPjdBqc/gmuGg+eySJw=","ZCF1Uib8EI32aFT6/eI+UKnQ21KSj6reA4cbnwbeexw=","ioWTyEBybef2XQJ2FLpndVJnSsmTaad+EfOIJj0NRcE=","Tg4AdoY6zfJpJgdLMGgmY5cnbBwypYhsuA64EmpJVAo=","CBVvWLbxBgfQa6hSc/yaL5GiHyiujEXcOBT/GOWxRHs=","Kbe/UUbw7prMkxsOVTE99mcqjpQuNu3FWh68iO9u6jk=","44Ie3ZN91JMoGVGpuNMUwiCjbfeoUrlWcqSrGqgW3wE=","Mf0YVKdn56sz9oAjV54lZiioDUGa0ylvmf8qNM9j6Lo=","+6Sdm+Oa0DwcapHrfJwf/g83fyZJAa40+y/OQY2CzJY=","e8OrFsRZDXzy/ALPdOTzWPRoFxbFTnQ8T1bViZYQnVU=","bQPCu6ukdZRfhIFVFmIqIhSRs9IE6gJRLKzM2oK0zYc=","P3WFFDlBDhWwNHOtYsyYTMAOCFmkoZlggcvqbPQM3F4=","JiMeOf+WptqCYI/b3CfB2gIGa774sHEnRAZaVEwR7dI=","PmhDzIBH6g0ISBBEmWuj5k/0C1M8CIwxdgynp948jBw=","Y3IZQsm6+etUskOGYWQNolQ47prew3Y9BYvFnJLClJ0=","UF1RPHzhj3QPg358kR8H+1a0FjsYxWYbKgP6qB6J188=","/NyjKtv6vMpuDqXKWKL7PMaopIxInCGE8B3M9h4LiwI="],"block_size":4096,"path":"lib/spectrum/spectrum.js"},{"block_hashes":["CkarMcdOqBkn5WdAqmm/M2iWkFWq5fJjyn5EAVv++TA=","CYguJGqFYsxwizT3qWFdf6yKC8t0n2lWpZDAmKIxGcg=","YYxhekJ+mNb+KhWf41t+99vzaSgbwFMgGuF8hyXmVSw="],"block_size":4096,"path":"lib/spin.js/spin.js"},{"block_hashes":["HKfS6zuFgc334PRNqyxObA5BY3ZXHrxhaY8DLHTLJNA=","0rC9C9eBxnsbWzRAqXXxzQEFnDMZrCMgIMlmEViIUEQ=","hj7fvjfrUsPSeD2Kf+NxMh7i+M1XVMi13q6N7PLG69k=","6CfnfOKkD3DGrejmEF0ljca+Wh5GBjja+s4sgb01eck=","WMIsp8KzxF63/n/bLhCugXZTwdjhr7BIp/lFU7K8XEY=","QZWPPRyaC0p25/rv9GDjVBoP1F5uH7WJkeW5wZ22lXQ=","ifnmRLdxerQcnaoSMevmi+H+gkrXVCph9Cse/p4uvgE=","N683AUZ/vGu217pdnJhWKiKNBgflk/rfZRFWXB34Fy8=","4KX1VsXZHtUObWxaAy1ZgWuNyJSjwdR3inhqAK4AUgU=","xcapstH3ONQsgkK+zlU38cSmyHs9QXeBOmxr66AOH+w=","0n+UszJ5g6ie6dtK3QuFY1N+OFdvSeBzB0pj2V1mnp4=","RCWav6QzlA8EothtwP4Zotxq/UIw7osIanNM29FE8Vk="],"block_size":4096,"path":"lib/tether/tether.js"},{"block_hashes":["og7nl8fwPFrEhEez7Ji1I95Y5H+nDk5MhR5QTZC3S9o="],"block_size":4096,"path":"options.html"},{"block_hashes":["KU8IAvgwSYj92oe8P0X584ViCZdBVKfGN+l0Oyq25nc="],"block_size":4096,"path":"partials/about.html"},{"block_hashes":["808wWtujBFK+SgDlKAxGJvdrfFwqpxQNKL14JfEQZzc="],"block_size":4096,"path":"partials/apply_options_confirm.html"},{"block_hashes":["3HqskjFEgQlA/tbHRAs2R07wncfsSfS1g6US/hVuAsg="],"block_size":4096,"path":"partials/cannot_delete_profile.html"},{"block_hashes":["wdmQa6zKFSdFRkMXnP4qoUYPIB4oegcg2AbZzjO2Qq8="],"block_size":4096,"path":"partials/delete_attached.html"},{"block_hashes":["4jgureOyQ5Osy/0KOpbc5J2tCx0R5+tMCTxrUrvx/CU="],"block_size":4096,"path":"partials/delete_profile.html"},{"block_hashes":["maUYgOQSXE9gQqhBagQEZXv1MLC1qI/cvnOvR0FFO3A="],"block_size":4096,"path":"partials/fixed_auth_edit.html"},{"block_hashes":["IFA8rJ6ER/5MZPMFr2cMTr5vQUVW3+43uxf6JPYIh/8="],"block_size":4096,"path":"partials/general.html"},{"block_hashes":["UQa+mmkIkCsHdQCHPs7/6jKy4On9Xd3YCvu9x83RXhg="],"block_size":4096,"path":"partials/input_group_clear.html"},{"block_hashes":["qAZUwVs9AhaNHcvQBA2Lsg4fwgQvS+Fx8QMullTnITs="],"block_size":4096,"path":"partials/io.html"},{"block_hashes":["s0dWbrBEuS4UBo6ts7XwQUQI6fALXoz0CNvvjE9XKIg="],"block_size":4096,"path":"partials/new_profile.html"},{"block_hashes":["3iB+Vh0V/6msAvtqjZ+pVpLyBvSdH05fgiFwOk5bw1w="],"block_size":4096,"path":"partials/omega_profile_select.html"},{"block_hashes":["6ciuAIM1lgp41zWXy7NjVZIXV+M0t+r7LkrPXahYrs0="],"block_size":4096,"path":"partials/options_welcome.html"},{"block_hashes":["0bld/VP5pvkmEQ21TEBp5+w4+eR2IEg76hwJAtUcjig="],"block_size":4096,"path":"partials/profile.html"},{"block_hashes":["vwPoEd809q8cytdU6y3SVbXby2QQnPryHnLiTFoHL8I="],"block_size":4096,"path":"partials/profile_fixed.html"},{"block_hashes":["FjV/EZoWsz68SxBLaKF7OHaDifvrqQRs7V8XU6AtvBE="],"block_size":4096,"path":"partials/profile_pac.html"},{"block_hashes":["2sHoZFqjMEE9yNGlM7KEwf2QTsBTgH3gLR5wnrf4tbU="],"block_size":4096,"path":"partials/profile_rule_list.html"},{"block_hashes":["KYHAqk0YsgI4prRXrfqsOqzXuNL0OtMOK7vm3tGWypw=","A9DrxueqtUvDYsyO+qfya4w698YbM68oTsEIeQsioYk=","GazT4koPdyAke0Y5ZDqbejBpsDov6ZHpu5wf/pbZTL4="],"block_size":4096,"path":"partials/profile_switch.html"},{"block_hashes":["+k/UME8JZLNty9wnfl66YGY9rCwSiRp7vTggsAbTbfo="],"block_size":4096,"path":"partials/profile_unsupported.html"},{"block_hashes":["H09oTGtLgLoyVDZ0VKAyDH3RFwwll85smii1VT/zlhg="],"block_size":4096,"path":"partials/profile_virtual.html"},{"block_hashes":["PFw8sZpJXLiwk4bcMJsI25IkKHwjsAkPXF9aX7aJPwI="],"block_size":4096,"path":"partials/rename_profile.html"},{"block_hashes":["QU7k+4yXmyV1zhLKInOUV/3tXd6jenMRnY95oknMzsw="],"block_size":4096,"path":"partials/replace_profile.html"},{"block_hashes":["VZJYCgR4WGfrm7HvlCBQR6iIidU1vCyizo8+CLiV2+w="],"block_size":4096,"path":"partials/reset_options_confirm.html"},{"block_hashes":["ED2Vbayb5doreu5QUGCWtfNqJx1Vp9VFbYVTe4oK8yI="],"block_size":4096,"path":"partials/rule_remove_confirm.html"},{"block_hashes":["JcvBOAt1vna0ouJA/aZ9+cmqPcr5llWzoNGZSiMsLGw="],"block_size":4096,"path":"partials/rule_reset_confirm.html"},{"block_hashes":["uWLWfuvIBEyfopHGx0+/Fl0URKrFlJO/8vbuKI+4DVA="],"block_size":4096,"path":"partials/ui.html"},{"block_hashes":["KQbA65WIuz+dtPC1WNACXYTvmXRQifgHrmf9XubXm5k=","dzDq64CzA805XadQKYZ/on4Tv3uXcTBsgBB/EeFQMZM=","S5hza8jt7t0/pwskQkyq5ZIkd9vk1Zdy9PHu+ETMVz0="],"block_size":4096,"path":"popup.html"},{"block_hashes":["RpBb+B7LBOweemZYZbrCX0EaqvSdpsKfXOQzK4fCXJE="],"block_size":4096,"path":"popup/css/dialog.css"},{"block_hashes":["nMQEQaVh1XImFVX7Eh3uVhullJ9aboFQYMQNxKQUBQg=","c9yGh4kJjjmzE3a+R1+DwE1cJXN4RnWrRqqlhn+45MI="],"block_size":4096,"path":"popup/css/index.css"},{"block_hashes":["z5+MdG05YkXeC3I+XzSucRIFl0qotecBcGPkI6P4Ik4="],"block_size":4096,"path":"popup/index.html"},{"block_hashes":["rGZJ2ElGek+OYEusITP2NvNW+fvai9L5HiOSfxlfLdM="],"block_size":4096,"path":"popup/js/i18n.js"},{"block_hashes":["lLd/H4Wq25GqifEgDW8JUJpi5hDLTJC7HH0+GEOsfq0="],"block_size":4096,"path":"popup/js/index.js"},{"block_hashes":["S5V7FyV7AtQgNa3x3ZlGuxBkV1SeSSlS2m9tSNZTpf8="],"block_size":4096,"path":"popup/js/keyboard.js"},{"block_hashes":["VWCVqHVnPdzbQuhWVsjIYc9pSoyHlpvXPEmG59uJe0o="],"block_size":4096,"path":"popup/js/keyboard_help.js"},{"block_hashes":["2kk5Dh1HxA8c1SJAq6vDsef9uc+IV8Y9GG/5Sh5t7Os="],"block_size":4096,"path":"popup/js/loader.js"},{"block_hashes":["aFeMnek1vju09ORBgkXGj8ZjuZX2T9dI0i+sKC3Qeeo=","n3cWpfX4v6/zNcG30d0h8q84Awbmb1L8CPNk3dJx6xQ=","W8nXxwIvhcLEztECGxRlahTzb5Hrhxf8NVA93i5aEVA="],"block_size":4096,"path":"popup/js/profiles.js"},{"block_hashes":["ynGugNzq6fxQExsf8HFg7fsIVMbBeeNvgtQTE0MT8PA="],"block_size":4096,"path":"popup/js/proxy_not_controllable.js"},{"block_hashes":["1rgYN8UD46coJPmhKAwl2p/h9LYmVVjGbT/N4M3WDuk="],"block_size":4096,"path":"popup/proxy_not_controllable.html"}],"version":2}