{"file_hashes":[{"block_hashes":["Tb5cXNZZcsIya5vBA3oxPXPItRnzXK7daPsu9xe6H/U=","cH4dGhtqdS9ae3N8l35szu0qj/6K3aQOxZcRvNvk6qo=","Gra+HyPf/DJUJu80sSMIa4NzThzIXFRmZolrm00z4Ok=","QEPlE3Zi7lRNgLv8Przmp4LcCJYiWWkyZ2BiSRL/gio=","1iFAxeQiHngDGsejoAkNAOAcQAbFlOrjl0f7kwpz2QM=","yMfUfoIwu5rn/F4NtxZAQqY30rGshrh7/Umj2sOMH3I=","Zked37iwSLvUavS4+mqMpCdNhs7sFuZULPUWFiSU/7c=","I3/HZBL7c0lnp7s5ew4XlmN6pfklQk8xRXJS1u3uiok=","nFI8eLljeQbYUupZCENQy4F4cXGV+nvnj5lf7srGlHA=","p370CrGOWYEPIrRysn5WQyeBohPzseOxDREFkohO5SA=","hiUBX81YS2U7paO9K/kXgz/cwp/sjSk44erNCsKav6w="],"block_size":4096,"path":"bundle/bg.js"},{"block_hashes":["hCRdDoVmb/uWljrfztrxBpezOP2eT5g8aMtnGTRwT/Q=","kuQDSAoiGk3FukCe/MkqcxRfFBlr4eefD38p6Fl4Tv4=","Y9DTuVOK2DCk23ebdD+6N0HGajx7CxIJ7wtbBoLPmx8=","csUHZUeFrbBGTrmWxhKxz5QCwctkQG3i8Iy5BSsnAAM="],"block_size":4096,"path":"bundle/bs-lite.css"},{"block_hashes":["UBV1uqHdbMbGZGqUqYs1JHL5J5rIB169tfZu35mYgtI=","BEMNiMYxxk8FuKa4mULknHGXpggwxD3kXPXpI/ENDm4=","f/Nkw5QAF1EF9G50keiivqvJRmIFgVAlrCfLz71XHkM=","4bL5f2DDAQ9lygYLlWBaZwZuJ5W6ndcM9yj75Ji6AAI=","VemiaFkOlBYIg8x3Je/tIwQslNANzQL1Th2ARa97PT4=","sl9ix7d7Gc6J3CaMQg2TAYJHAPq53VlQPQwJ/E3vGX8=","0Y47pEzPxOZJ/gNQ/nrXbgHTihLOvXQMFdsyqbZV5gE=","Z7XQXJQ5p7VgUc5Yg+OcyUEodUMECVQRGarH8mUugc8=","gLFoCG9Z92YSG0da7yMCy6OTYqRrSY4FSEKt419Z/pU=","jpg09bOT+eXVyk3FkyoRy2wXRQfTx14q1CKCKLUPjew="],"block_size":4096,"path":"bundle/commons1.js"},{"block_hashes":["yBOjwhSZ1cKQxNvX6LlabrEYQWqPtLxOXcIFUZR/guk=","FUN+zo2smfSUU1MpUYH5IwI5lYvMgyVb07s7aCQKrUc="],"block_size":4096,"path":"bundle/commons1.js.css"},{"block_hashes":["fpqMJTyM349n4tO5HXg82NKdYj21LdSMvhmlVCDCUXM=","im4xm4aiYP4qM9uxKTPLix0BNhHfins+RlgOBL0e5K0=","dBNhzsyXpBZOkoimK0qQZSCW0EJHrMsld3eb3FQKRHA=","PDpi1bMPn/VuuyyhZB+PE0F8Eu3aey3cSw/tLYIdPi0=","zGQfP+241IY/YvgPrEoseXiWx999+fcNgZdWj2pujy8=","dAJg986ISAMScA39QmPdyLPugaUmAiKDbd+n0DeRWNs=","OkvQb1UTATklGrlAJhIxldjHpHYRMvEXJwfTeY3H51U=","JLXIBP2dCONNDoEga+7aVTMYHvhqleNSgwJONVfBjog=","ZrosfJKDnv2+XFTqgdYpGHb0+FtMizP1rRQlh+m2WnI=","X6bZX2XXTyiAbqXyq9z6a/V749ALQ9lTvf/ySxZatjs=","WXIpc1Ekffc8hxFuyaEFUl0wUHxhT2OWYjgpCiXkbJc=","9oB5bLpvRu2+m4Tkws/D61DAk82WGpEjCd+HnkG6K5U=","iJ1Tlb0WEiZ3GKmtz9BaUw6ajLUJ7wKHVgW5KPO08XE=","AlYUDjr5bQtYfMFGv6I48vjvZNcVqRM/DrxCvMG8z0s=","hAhy2k2McxTGspTT8ICRYDXshsssgv9BLz4O05CHPmU=","QXWE5ZLAS208droAsyygConT0r7CvJbE2QfMVbHIsvw=","Rb45zpINIGoDMcAk0lmX5uT+p329mS1BPn28U1VnDkI=","7yzCoc295pPwXU0DV9LrayFDW/oGBcAf52kCPwwx5EU=","q7MQU8FQQJTtMtOUapTRtzFxP1mcNT9okiV9vAxmUQc=","8yP+Mz4BXCaqs137lXVoOeWu1WWPTXHncWgyJrz/GwM="],"block_size":4096,"path":"bundle/commons2.js"},{"block_hashes":["4x43bqKbFNl8iyo5o0MZDySCCxp/JJEsqXF0UjOFEXc=","EQoIjXMjiKDLJ2Hzv8+uqng2UDfXy/5ddub83KygTK0=","rNWu0aVOM3WUDq0FRBVo09a2Wz9hsv96DoTf2dMxr+A=","1NFcqaPyUCjzC3Yvh4Vyu/XuzbcFhF416Mf/WujP5Wk=","x6bM5kfI9+B5pENZcLzZncct/wQdxt3xaC9aXe3r/mE=","K55OZaqQSm31CIxg8YNIRaublWoXr6XpNonevVlHM9c=","N7hB/r7s95WBM23sFnZG31ZDIKVpghF5wsqE++90HBE=","SplCo7uob2r0ARFDICJoJElWhAioyuK2Y6OwHEbLzQ0=","i40TBb0bPfl3Nd17Ur/FA3zc5HqnsaTWkiKM/UNo17I=","j3L6Cz27XbRjOu8o9cFzPCFc6KAmNoJpYQPC76d2O4w=","wQzYbHBDZyI2MwmcHqPAn9yViSpkM4VD/LMKM+nvqNI=","QRj8TeNSQYEPEycaFIxXJvTaNZRfiXWBlJzT/YYp0TA=","UXyspmEUPMCexQ/wGlhZher6McXBa20lh6J6MZJIKeI=","kPTNEZGv/lPIgfDrHynVJdq7nx18DX6K+3f/uBZdcF8=","2PhBfnypxqQkNJcHIjV4h87B1eB1wWzuv8GOR58PKzg=","AeS/k+PKwGqfn3SV7rUQGgdRHDioit+fYuLx0qISXaM=","U5hS0sNDMPxha0UAOdbQtk50bFtz6BEByHvfsUgD6qo=","bhnVpFk8zamoRnNSUCIviBaIbOXMLgsSDpcpeQR9Hlo=","sewfbwHmSaZL2nzXRtUdQWYFhUrRUlegNxFyVKWtnds=","O/EF5rNLLr0q1bS9HRAvZ5InXzIetWcv/JdmBun7inc=","lsEm7SSJXxFS8bebZJS85RQRLDN1qeoSgyYRAVwmZ2Q=","x0jpViGiDCslWK3WuxMLzuavFo7PzhHNiBOvV/SaXJs=","814m9BXO0uk4VwQzsDNQIgxgxt4mOXAEnQ8tAeREEO4=","iPtLI1wpZQCoamoIto5nGQIjr5SMGDcs78ACBtRxVlU=","mQ0y6HmDClalVk3BOZzFdaXuNR8wGvWlqtBdsG9O33s=","XsDE6i+a5cD2V4L5tSFgZINvKrrg4cXsNn5XHWMD8xk=","Pj6oioXfiJydYquNqCRrr7leBfX5gJLNmuoM6TFKsLs=","fq0a18F9KEFAk8Z6lVNy1Ba1BU7kWZUSoxc8KyChOoU=","AxMvjlD8WC8SnD4ekZ7dnZLZ3/IINDVywXuWehYs7Jo="],"block_size":4096,"path":"bundle/commons3.js"},{"block_hashes":["82RccX48GkYXBrWTnHJ9Xqrjpk4WKnO9uS7QLImHSZA=","/rhhaRkjeSuGJ/DtRzTgMurC/AmUmAy85hBeW9BrT9k=","EY3OYLS/dPjMRfFS05RaViTSVoujprf9G/3XJ7tGH6I=","O6LIrKuuurJXSjhpfOYRDdBnQrEZabTBGPENkFvker0=","5im5RFt4A07tZ359yxcG7z+ftfznMqOAE2Un0YEft6M=","8NdSj0FLjuXAkH8ZfjqoPlf6bkBRBpGqZYrzUaW4hfg=","jE+PLHPGiO65Q5h1BwcV+fVhZwLTXnexygJsxUAVgPY=","Dwog9lIpLSXejokHqcN4TIM83XLsOjTihZIM4E0o4Dk=","oJQoFkkJTU/qNqSh97yc3IVMmu+lFjcwwpWbbGA6c58=","VziL2oE/T2ZAn8vE1oMRmaXtVibiBsp0o3LA0qZX0ZM=","lJ2hSbw9ZfNVGf8aXdi0aZOqt8BTPQppKucRLei6cA0=","qqPr329RDsrLMuAVjKY7kx6TPZRSLXjHI5att28X0DI=","x40MYDM0gIdlSpyOlUuebpMxu66Y6ohsao3ELM4oiZM=","rKix6HqAF2MzmNbfbEpXFjxcinLRB1l9/E985nY14Sw=","obA02Hax4ja+ZvnHfTyf9LDo2LAnEvYjXLui1eyuxeY=","ZLqpx/Kse13sti5ijqcoJZZBla9VrFy8es40u58j9Vk=","stpINdVkH5Bht0Ri4teTOFgR1xDOnPei3IJhNGuvd/Y=","zodMMn1H+4TVXbXj9qMF8VT30Kvd15pg1ezWVkBmMTU="],"block_size":4096,"path":"bundle/content.js"},{"block_hashes":["WVn0OyhNFfAhZDtk4IUEQWO0eZbDPT9cb6RUH55SWbg="],"block_size":4096,"path":"bundle/options.css"},{"block_hashes":["MFRSVTp1d1k/6GHL9vUouZWaCIJsZho05XX0eFtQWdE=","/czaPkA66aISfGigWnj/ltk8gQWyIKcdYU9Uuzj6g+8=","xA+uiivsEF8goqEm6AgTpr9V2tiLJXl/fa3GCVs00Ec=","Py3YhL0Gxe5AcEcxRtcLZcHi+gRQvXWM1mT+aW49O24=","v143/dOAyPWM8I7EfxvdcKm19LXz08ZQagsdceZhrF8=","FW/bu4Tu6OPKH2Li9Jk9bkf1uVrWVlkmkuhnzU7v6ew=","QEjJBDCIe+LGA/YP0VyRnWqYBSiV77nJkWlD3usgx/o=","J4qrrMt8Yl+AQ9Cx8Jk+GJMqgicVcKe0MGd4PnO1smQ=","p3sXTw6JurJ6rB4RTHxEzdNWrj4nLW9Bs0YNka9mwrE="],"block_size":4096,"path":"bundle/options.js"},{"block_hashes":["MI05xWHZv/SjlwIgJaz53E01FNO+869MAOBBfnb5Uqc="],"block_size":4096,"path":"bundle/popup.css"},{"block_hashes":["GAcdnWlAhCuKJv3cyfr816SKvueUjy9Wp+O3P8ekdvE="],"block_size":4096,"path":"bundle/popup.js"},{"block_hashes":["LX0I3+f+5xnM8WAnP6DTUJO18L8eiiKmd4KPU7b8ExY="],"block_size":4096,"path":"bundle/selection-translator.woff"},{"block_hashes":["1fNJSAeuY0z9p8bjGuLcDtNe5IsWnBVYaGyCfhdkSAI="],"block_size":4096,"path":"options/index.html"},{"block_hashes":["gCmIVXP6DdlgdqzO41lA688GizoBfjXeEcjPmKS6SEM=","0v6DRleKm2GWsRgdqKVRfLIraMBw8L52jYqnrXR1CPk=","Ziw8dTvS08nId7a0dKD6RgbusmDKZs3hQSBhB9o88n0=","P30yrVY++jVISuVogG6SzIMxJPGELSeEFhIsNTLbFFM=","8cOmIVE5fYzYXkeDrvONvUe6YU2mFGqv1EcYDuivUqc=","kLiyDaxOqPSrg6mu5R1ZCi1AywINXvmLimnXo7gJ4nM=","CjWmLIenB1pxTZWLfST8oiQkDhfMS2De1ipSBfxSTAE=","N4Y+WwJjvdXTOmY9KaleT6ePV31/q4p1bJYPmLqup5g=","DPPJAF3HDTJey7JBb1dXvTCMTo93AfR46NH4oTxGPLQ=","+NlwQ4ui9Dv6HUuIQPUiXeKPP6IBuJcoqWMmE6Obe08=","L0V76ihIgFUxbNNVAiofhE3pOKASHvwK/i6STFcn9is=","LS5LMQFtyFZrybJiVJw18lpnYWFfdwjKEXPxt20AkH4=","IXFLwETlnAJeNnIoq0rGa5592koqXPSGzG01XgYtmuE=","+gvvRzlYsl/xzXAE+1zwNwysgjNWuL5GGXZRah16sOs=","jxA5+vcE2bwbdAElNXEx+6Mpo+0XJOwgYVfKiVwKLuM=","gO8cJcDBY09aQRKGTQkZSJgnMzr5t/eoYoP4+tyoOQU=","N44p5foCsEYTPDbwGqXq5vreTSjUjiO67BoZvhyDeK0=","SsM6UrXSgMntE/w16m/rL7qAejjVq9YKp4IVh8Frv30=","v7k/ZoZJGBUnH0H+MGeyDipYTknAeVSGhzw5maf3q08=","3i1PGzyInybXqI306kMSXtsi5ml6V5mnRHTM+UHQO/4=","X4E98o4Cas3pEXo5eEjguRc0TZjM3RPx4xDHj+AwOf0=","A0whPbY4YOVm1COvwu5SJ8wMgBai6L7iVu9jNJesum8=","Xnb3Mwi6AqnIkriB1zvpJtu1eV05bW528z/39JTXuoQ=","MeeSoohFrXKHg9Fd+OUxIc2mGQTJJs8xyb6zN9Lc6Js=","9pDG2y3b16AwywVxItEDzW8dOwXvMLMdQeOk23dhujw=","wO9TEAcEMPoOOImrMcFozhKQNd2ju0w2qQlSu+N3Qlk=","VPq1L+JGwSHNO9eTOTa5vEzXELT3YQXduUx/YiJWFcw=","y0Zfs0NuXyfEeGE0OjBeRZrMbhLSK5gVPqBqqjRQLWk=","9ANvoH9mLRComuKSIrlTfd1PBScqVdkSM+wBgepkRsA=","b6CybI7Fo311ah5Qy4JRp2vAuOVo1I9YZG4fTBNAaxU=","yqypBwuufxeBby+goJaa23fjFVgRaZB1ThoBZ0x/KOE=","gbniPc1nJg5QkEjCh0DlsIplpSUFPjmhU1fZLGugZHc=","gQ13+7Ac92V7izy2hQiCUPqS5hYdnJlrPo01XQgRw1Q="],"block_size":4096,"path":"pdf-viewer/build/pdf.js"},{"block_hashes":["/VptWnE1QyavGWy1PZT7chf/z4K8dASyvNr9yCiQDCA=","Ay34FU1grXFRSgxzM1bMoC3HXOyH5lNyIaUHhLHFisA=","GuoBisPDf3X5fOaucJW/HcDYPWsvi3QWliwMA2yIyOk=","AM2QxAyrzPnI9/Nt+d5nQG8zPM47dRagQcolhIz44jM=","gd5g8LdPPR6Rb+Pj8thACNn4KQwHt/YBdGxuIWNbZ34=","eVcAubprFSX5opoOFXT/m8tp5p1v5sooekRSwTz83eA=","K34auXQdmVNAxvE7jh5m2mLKx8180mTZ49Bbc66hO0A=","fZflwe1oRbiV4TOnWPi60pFTmRVBDVXw8bCOUCbtOps=","cGwlWeg9eYT0h7xRvRurRH8OBhu94qmRvv8ekHj+Syc=","FsBBqzcHuBYKiJamvG7C1dRyNNFeTGQDDbHpusonUkU=","Kg1B6uynXWgWFWNDRLGr9zUZfyCN7lXtS/rPue73rZE=","/fXdAxJSBDJEnWJN38V2M0QqAxJSxdYOgLuHGIoxUa8=","+8+o0VEE7SlqT9rynbhPE+OLTcCjdqFU15TTpVxpCeU=","UT1eIP3Xmp0vl8HyIybydgzp+acN7QUeAHMYwdyzLdo=","Gstjo4FfpTw1eEvP6kVHpSrRPtqT2Y+Bm1UPtEot9eU=","yi4eH26u6WK4P26fG+VN2UfWPnx32Oe8cpjJZ8FuGg0=","j3eoS0T8bctw/g8RnQY1t8bYtJ2wdxfxBG6OfrwfHSQ=","R2pygX6HX398TFwEWS2bj2VxZIO+oYJj2iAnSKYqZl8=","2wybs3KdZW6sG3X8hU2Om0/omUtJCy9M33nOVYdA18k=","AKJgSl2rl5q1Hp1pfJrOUUH3ie3C20gZVICiOzmITis=","U4mTDWl+A49fuuA+K6uWllPDBZdQ7iHwZpZ9U29WJO0=","6qKZgAAYaWDFwBNqi3xdTIyILOSXbwb2J35p1i3F4xs=","Ka1i1jNrRX9rec+Xhsw/51aVd0YkKEdIVZuMAIpRsLQ=","sURvrc2nuGDW9o9484M2Osyu52gInKIBKwuLFbSiI+o=","ay2b7Qob+MXy/nqjlhl+ItsZ0VGwCbCtgS8lykekT9k=","+e3bl0U9uShWgUBnmDBWXnWuS4WRd/N78jXjRFVbeFE=","PzbJwjXSPnhCToKSxLimUr1rihhz8uxgZQuE2e++Zkw=","AfivVidnllHJIa1mfpqNEee8Xy8+XFgPCqekw7qVflk=","OM3UUEZyQRN1ICrWr9eXHH+IDTU4kIG+T028NDR3AHU=","Z0ppZHPTOMblkYfQRVWtf6m+F949Z3Lbe7rDGLnRWGc=","RUtCYwrPmxjsWOyISp7KxV5Tt8TjrrABCtU7kGJnmuw=","+DjxLCh1PwKroGQ9XijpPrfeTVNVnzCBtQUcES3m34o=","oCBUk6FEvJwmoWSEVJSknJyv39UGGbDGfxKY8Y/eSPY=","44sqeLuqWvq2ueacGvaK7bmJckwfDDnVh+57UCkeDI0=","gsldph3GWdta1v+1hVlwN2hMEbTPKIe3HGwH6lqxY4Y=","i/avXU7iU+w0IhI07PCznzDtV7P7dxpHk0MYILg6JKE=","JkA57bCOSPvWM0sfkJHhESpOd5QLVn2XjMu7BYsvBFY=","LGuEDMtCB0hlnC3d3MFY92YkCzkToj6xHzlZci8AbJU=","1OKHk3x0e9EZohTzPFCp7v/yg4bPV8FrYVOOdLEOw2U=","Iv+UcQAu7T8Jnez2mrRIZG2PRc43OTEI/UBU3qewa1A=","0lioCHcFZIJiJHKlF/ap1K4dNlMamqBP1084JEdYLi4=","lxocRc+9DAgaVRCv3ztwZiIfdM5ewo23QWZ8hnprKAk=","cRe9ZvHbEpyPDgrrV8Bc1rjXPwrMSYHyJZOFneHuAuk=","UI/lQruVXqgFHOhR4qTW1gtOiHRjQOZuwdC95gaj3oU=","xYV2tmULn3rVA5jcjvs9Y6+7Yv+PcDyhTOVnA1TWgow=","o1u23jbUqBmMaA41DAwS57vIwCK+/GxYkntvgp23vtQ=","spHh1IsrLj83ElgSEQnxNqQRKcJTmXMj0InJX0Y4frA=","aujVHAd4Hq8v94W89BPD7DWRHokZXIw1CczAHk1cD8g=","H5c0M5+kfYEYKraBO7SUzpKOU19lnlZ7YKaVAUODSK0=","uIAMBMETz9mpnFjJWNiwRiYUPP/nW80Ik+M1Rf58REo=","fMVu4Fu5hF/3hscmU1m11Sxsv2tFjVEOInefbrKupbY=","pT3CC1H353xYsJuhj/9PNvbhWsmsP31vcknIKDIOGi8=","ffW/Wo2A6aMSHyt16xWX2+wRDgy17x1kpo2xXv6Y3ZE=","hwHXlqH5PNMkZpeP4VdGrwfJOtMp0QjPNW/Fad81Rcg=","Domk20nDQMhuG5XEe2blcdWfNIUf3ghzqJj+3CFmX1U=","PtXgDdMGczu2mqcSyFW7yVQ+NiJWJfoua/dYu5tQSgQ=","3Gby7VslCSPA+vJahD+NdJF+irLYelTLVz5ZSRLyfVA=","WmWshL72IWruszY6MbBLK22VlgrptprE6kZjlntJSOU=","lHOIUe2bYUWyfOyeAS6z7qMoyTL/tPtAqn6FTeKXOmw=","UoPqlBmnOtX684s1CjDEP74n5EdqDdHB6EvlZSr70KY=","u2EA5Iae0s4xvgBNDyeAhj/CH+eAJHgManD5XjCEzQY=","R3dlJrFpelLL7fy3ncaB7xJINJ+RM46TZx+ZF1C2lSI=","l5+43ZW4VkwfJgYnsROyGHFnq2iPuLqTF7xErCuM1v8=","/uEGAyOzE8ohihsRAkkvpkHAdjyLlLYbnyApzbOCv20=","OrhP6aevV3YIR/lXA2JowcQle8U3MN+h4Ez7Jx6LDlI=","yROMzxj+yxRKrty9feiFB+hkc5a1y+MoaaLGMLkKM2I=","j1vCcdDaXNPd6yaQ/2N5Gg5lDXI1EkpF/6AbpWeXDy4=","3vd1hYNn62bj9Eh/S5TA9Qw50qU9gR1/NWWVLYiLkUU=","lMz0aDOcBrs9O/8KhGcZDL2obchfyhaiIo7aKM/A/yE=","cj4cWwUPS3UdpeFO8T1Xt58WAzPZepJ1ClENPOE7PDY=","KdXJeOB09Jqw2zjqm6m89DQMExnNvRKO9ys4kLcfKtA=","UxkpXOsKF0N7UPi4uCR3VVgC2wxcXIq/HWfnTBrCvLQ=","MoRceLuqcihQlmb69rXn+gHNTrSqq7htvhPp8T37ADk=","tg7lPuGYlZpF7MQXFUCt7T4vG/nzTE02IMrQwyLEL7w=","7QLR0qMz9gG4Q8FiXn2mnSca771gJKY1JviSHYA8NVI=","RVbU0+rDgPlNInoukRH9aH0lzBSzIxuCs7KS+vHrvbs=","dHauulVY44aH8B7Gxe+w6sR7lZC6iVJbJK4SaOL3t+c=","ANsNWNK7AppDa6W+/VLtSogOmkX1MnEN5YJ+DSONAN4=","DZGhdfyAA6lJUYkSfofZ7sAGmCBskVKLtFtu4xuw/cE=","0nCrQjbPMZAFEfWscJJXLkdglBZachFFqH/zuEvha8o=","LjCSRSrbcBADkM6cp/GvPwjHt5W9YlLBOPLixOAhnWc=","BBL4/GPpM5p0qn0zeoZN/335/S9mJFt5OMVb8sLvh9A=","5rXFvgfa0lr2f+ItTHhjoKxUBkj/bvTvEIIzMlHbuPg=","GrbOY8wItQ9gbtRYCjUqAaistGZyZnSNp4IwG8uZitU=","HPhA2uEQieJ+KP3kjZBPR/8R2mFCTirABbeDxM17DT8=","x2kVKP6e4/UplBNzAZ0N/tx5Mlc9PvBWMP+uudeYs7o=","Jbv6Qfwb11VGlwe5g09Y6jVbzH2EM16d+gtSx+3wiec=","EGfE97E5b2jL6XfeWvUA6DXXX3KEEJAk2L/5ijmMkQ4=","Krbp3KiZampgTVhwmXPcPyLdi18zT+Z/tAXhDfho7p8=","/xk+RGoE8Wc0xixtmJbtli7TmwoXDBpIrACyJse97mI=","LJdpJiPnTfOi7EgxwTadnrJjefUqH+NfatEhxQSx0Tk=","S66G6xNziefwYkFNjQwc7H8y7gS1umcZozEF/exNz3w=","d4e1gEIbcc88/t6klj1t3TGTntzVrU8rUt2Qo339jkU=","FgfkFeWjcY2fwstoKXiKCdHddo8G/ijhot4BAJyyv6Y=","QI93vz+fl7xyUxZYSbhSQ0oySKeN2S4inOjQgo0AePk=","UadeJqh4/eLb/36TSGXIDj3OnlrP6tawEQDU5p9va8g=","SNdOk0J5aE8C9tK9F538Pe3f+SoCEp5BonFDVe/yDxc=","ZrSpJFlivewhJSYfKh/vkRh1kmkNEFk2Nb1KDR1NDJQ=","F9FzXQFFVSKUI9ZD4lxvJkgmghIQdySj7u+NbuMoUEE=","nJCxw3G/pD2x5T93PONPw66ee9D6REo/H6mz51DiKbs=","rt/rF+T9IaTZvxuaNNVfxxRKKgE/tI7D5M7UE/8sxns=","8G3Si+hmrPdMUxcoECbs9rtwCjkyti/crXr/zMuOWb4=","ydvNk7f+SaX9WZV6lj0qeCIHlRWXGFYVYUJ6OUYV1Ss=","AL4f+BvlN1XAOmdw5nrpwz1BU8mcxgqQoRU11CRrmIg=","H2pul7A4Zk3Yd2ouaum+MaG+zyi8lpVEwgIlUNB7Wpo=","dUpPxoZf8NNT7uTtLX4C8HL4/XuKXE82k4LVtAiWK/s=","uBewM7iVr980PiK87SL7mzZMuUrjKhbzxDPBWA/CGwY=","CaFAcpzXnPU61bLnlEmV/j6qyiR2LnqyKl0Qnqj2wKk=","2NlgN6T5FnezQAkxtime7adNz8BoB0ppKVa6cv7hEL4=","vgMMEYN/QLlhyTxtPeY8w4GkEW9+nyRD+Xk11P/y5rQ=","YZljKy9XuNyUeW1dPRyqAhvH1eARRfhoKHSpC7hGnZw=","H6TtorMURPOjV+qyiYXldl1YGOU3gShqI7vFuY3Si28=","2KqkWdAIGgpJucTpEKyWM/owddyTopN+9+74tQbyrqw=","TerJvYkgrEJFL8F2ctYzTJ6J5qv91EhILpfvqQRkul0=","bKcKL2ijjB5b5HuvDxSqbzs+bUL2zCjF2AEdEcCnHMU=","q6xboTFeedwFm8lyS7Rd7SIUU4I9U0ZdSsYrpuFtGMk=","4zkkflkzpsuMYZFmqoHLyTKIsOc2S2fjuVhjM97b/Zs=","4lg4FgUTAmDUCtnjnl6tOMOHs/g8s+LGQi8rj0XjVOk=","o37XD1WxMG/HcCuG3dyO6/y/Mn0mYkTS93HU3+pC688=","YMx+iidnx8SfmXkJ7stlm3FSs42V3bAg9lm8kpu5s/E=","y4btxyVAoZKSefCwzSebAhkb46GdfM/dYVId8UiOc6o=","6LUouWfHlVvsnlL6T4Lk1ZOTKzQ/Ilq3LvDZtNOv9sE=","l2CSurWdNRtPFMIHhtGMCSjZo0ACB6fJQx+9J6FGfvE=","ilH4AVkbiP1FGS//aEwJzXoUbv12X/n3Nr44zKtc/BA=","QRTkm4r2WE0InUQtM3RKSiaoVC2okfiomLKfAUCj9tc=","sQuNKu9QAUu0sXCXtDWTMnps+9iuxjYabBWxIFvMAFY=","ndyLOFayiXDIy0U1o8+xT1heXElNyNpH0fGCe9tKYqs=","yNNSPx2bA9k5s/wGKNRBQlSzQCPSHQnTPCA5WaRxgsQ=","CSJFRd4vfGi+HBQJ5xHAilGusORf0dG9r8oJwimtlg8=","62WcYqI5WwcQ2U7FdBCaEMshxQCQijZtGV8pU1dxIxo=","6HDGzKeDlCebHNQFF3dECT6pnP09PUsCOBYXqiJFR6g=","WZVo/TavJGCR2GT82HX4v/TgS8ozCwXP3oQptKyfBcY=","t+hqyYfPSfoM5rHFn8oS3uAuJ38nn3DoFRPipkYHXBQ=","Ry7DGIaTf26+6mgXNpjvQEL/QICWd7t1SRCgt96nvvc=","JyYlZKO93gxcYHW6xh2V5qPJEVMhDx27mhtSiaPl3vI=","J8LspEfna3ak6iKzvMsWOYOKNXeUQZyaavVZPMUp2HM=","94bWvj1nZYjuD2lEpBeEzuvUQoeAETDLCJsuQ+k4MbE="],"block_size":4096,"path":"pdf-viewer/build/pdf.worker.js"},{"block_hashes":["2SomEzbcGLjAOkbrTUYjgtM/Qzj6GV0wMlayAxQ0yHQ="],"block_size":4096,"path":"pdf-viewer/web/cmaps/78-EUC-H.bcmap"},{"block_hashes":["YWcL68TkgntnIwwFT9DYINbjDDWE0C44aATmK77cAyo="],"block_size":4096,"path":"pdf-viewer/web/cmaps/78-EUC-V.bcmap"},{"block_hashes":["7OZBW4U9YeGyVgFlFRQH01zxbmVWkyuFoT6nUna3dAI="],"block_size":4096,"path":"pdf-viewer/web/cmaps/78-H.bcmap"},{"block_hashes":["aWsflzyXYjSWcDgJ6qpfm0BpbHdUAFdBP0uCagjt+ns="],"block_size":4096,"path":"pdf-viewer/web/cmaps/78-RKSJ-H.bcmap"},{"block_hashes":["U8ttVgqzd9pIz2XW3KywvbMfE/q3BmxYDeOMEqc6f/k="],"block_size":4096,"path":"pdf-viewer/web/cmaps/78-RKSJ-V.bcmap"},{"block_hashes":["KJAA8C/TSHK2l1UDIX8zq65r7mdufSj2QEc6Z8jbFxI="],"block_size":4096,"path":"pdf-viewer/web/cmaps/78-V.bcmap"},{"block_hashes":["okQllSGPX4vY4bQhiONoWH2HbP4MxM2HGW8HfIePcuI="],"block_size":4096,"path":"pdf-viewer/web/cmaps/78ms-RKSJ-H.bcmap"},{"block_hashes":["+N3Oupa/2dN0C9F4nuMNH0fHg3FSCoCE9x999Y8Zvgs="],"block_size":4096,"path":"pdf-viewer/web/cmaps/78ms-RKSJ-V.bcmap"},{"block_hashes":["RAQAUeyBj+CblwNHK+py79J1nV7rX/DXfHGNa7Xm0d8="],"block_size":4096,"path":"pdf-viewer/web/cmaps/83pv-RKSJ-H.bcmap"},{"block_hashes":["wT4EPoX/cVt1uwOAHo/Q+486deSkhJb6prqvkrW0i6E="],"block_size":4096,"path":"pdf-viewer/web/cmaps/90ms-RKSJ-H.bcmap"},{"block_hashes":["SZu5Fs4a2+Qom25YEfTcIOsjjNwv+tIM8mrlZxaIW6s="],"block_size":4096,"path":"pdf-viewer/web/cmaps/90ms-RKSJ-V.bcmap"},{"block_hashes":["e4s7i7+CFwLppN+fNZbOKSOAyMGwkl3trbtOSy2ASYs="],"block_size":4096,"path":"pdf-viewer/web/cmaps/90msp-RKSJ-H.bcmap"},{"block_hashes":["YpbCtcB9yoEo6W1SltYhoyaIA9T6DlgSoh5S/igCqss="],"block_size":4096,"path":"pdf-viewer/web/cmaps/90msp-RKSJ-V.bcmap"},{"block_hashes":["+1ED8D06NFR+GNMW5SttmybkhcZimZIi+E0rpUwuT6g="],"block_size":4096,"path":"pdf-viewer/web/cmaps/90pv-RKSJ-H.bcmap"},{"block_hashes":["e8ta0rpVuWYs43nhbC2cwrgtYhpXmAc1N0EXLkr2FcI="],"block_size":4096,"path":"pdf-viewer/web/cmaps/90pv-RKSJ-V.bcmap"},{"block_hashes":["ov+rKLmQmYGBvMqbDpFLsiB4IPEArjHVxGlESJLlrY4="],"block_size":4096,"path":"pdf-viewer/web/cmaps/Add-H.bcmap"},{"block_hashes":["sp9LUuJGXQSFhW1eafG6aZJ96yhI2P0yjIA1WDs1u34="],"block_size":4096,"path":"pdf-viewer/web/cmaps/Add-RKSJ-H.bcmap"},{"block_hashes":["KqIjLCg6P10Jl8KDSjbOrQt5ziZXlEz+7QgUDCk0YP8="],"block_size":4096,"path":"pdf-viewer/web/cmaps/Add-RKSJ-V.bcmap"},{"block_hashes":["JRJdOxvmToay31szRBcLRaQryqC0bkOjQxTvc8Fm5UI="],"block_size":4096,"path":"pdf-viewer/web/cmaps/Add-V.bcmap"},{"block_hashes":["jGW+nVGp8mmlR9wSRgcHqvQDGrZ+voopAPS0zGs+RQ4="],"block_size":4096,"path":"pdf-viewer/web/cmaps/Adobe-CNS1-0.bcmap"},{"block_hashes":["cxUrwaWcxZS0FKxgaL5I5VErlq6FkgxA4yqZJp/bDAQ="],"block_size":4096,"path":"pdf-viewer/web/cmaps/Adobe-CNS1-1.bcmap"},{"block_hashes":["objTU73vlYTIIEZOjxyeIBPWTr9DPLoKqDHd31FYGMI="],"block_size":4096,"path":"pdf-viewer/web/cmaps/Adobe-CNS1-2.bcmap"},{"block_hashes":["L/wMdcefr95QYWPTwIw5DRgyUQCfP79q5Q0RZ9FLlXA="],"block_size":4096,"path":"pdf-viewer/web/cmaps/Adobe-CNS1-3.bcmap"},{"block_hashes":["mKH0cMh4xrlpGk1673dq+KybVfVYfJ+voAVH879lVxY="],"block_size":4096,"path":"pdf-viewer/web/cmaps/Adobe-CNS1-4.bcmap"},{"block_hashes":["3dbimVXrjLVF8uvQnGKMO72lAjJW7aG3KPdDx1+3eCk="],"block_size":4096,"path":"pdf-viewer/web/cmaps/Adobe-CNS1-5.bcmap"},{"block_hashes":["MXuy23Hg5bewxHt13h2pFcLiL2XwwIYVB/nKe6I4+KI="],"block_size":4096,"path":"pdf-viewer/web/cmaps/Adobe-CNS1-6.bcmap"},{"block_hashes":["XEk/8f25HTBZMwQEU5fagpBNoPOZ5vrl9wYra2XG/M8=","S5FyVm/GQHr11azxfvx8uwJIT/JH1zyDx8KG+zxN20g=","yG5r1qgshfm6SIIXNYyGBnAF0N8Er5pQKKYS/8xaSYQ=","09Xg8AV9xZPptpUE+VRo7mJ+S93JvFt9Y2xPUIXrlw8=","+i871xjUemxwNH1NKDN38OaRio8aJVRCb2B6JhFdykA=","/Aa3ytNzbbpQNlMykAQLtrujhTZ6P02Hqi0BPP6QP1s=","TxeiJfeDO7gBjEKbVBDLxoMlfrGrf6+O+QVEBXzNNZE=","+KkXliOwsDEHhDffe4epvrg+hiOp7V9VV1JBcLsMVrE=","gVyGJLJ8grN3KNhdji+2NGYhnJT7T0D266QjynSyQbI=","p0mLzlCu6ZHaKbEUf7cIb4BADZO2KVur3Kha7mnzSi0=","q9Gj3Db8vxV4qu0EGWHIia8eZZwAibOYGe4erBxHorE="],"block_size":4096,"path":"pdf-viewer/web/cmaps/Adobe-CNS1-UCS2.bcmap"},{"block_hashes":["i4HM6KEdUQ5QVwSVPPpOSrCAwaDKuZEUWjUS7kM5Rrk="],"block_size":4096,"path":"pdf-viewer/web/cmaps/Adobe-GB1-0.bcmap"},{"block_hashes":["BCaYMIF4jscgJwPnHx76S4YPdbk2mUI2AQs52JJRqB4="],"block_size":4096,"path":"pdf-viewer/web/cmaps/Adobe-GB1-1.bcmap"},{"block_hashes":["5ns3qDsWCrODEwanGmBYk7JEVO6BrJthI78tOYTSaNU="],"block_size":4096,"path":"pdf-viewer/web/cmaps/Adobe-GB1-2.bcmap"},{"block_hashes":["qima/D4SoocmFHMF8ZG+KMdJgHjIsYLs54hqx5zZkHg="],"block_size":4096,"path":"pdf-viewer/web/cmaps/Adobe-GB1-3.bcmap"},{"block_hashes":["j719dMLdsTUMHOzOVKc/3j9UUwk9S+1EUoPsADPSCX8="],"block_size":4096,"path":"pdf-viewer/web/cmaps/Adobe-GB1-4.bcmap"},{"block_hashes":["wiyy/P8kES+jHashEb3FGVcAZXbTGq1aJeZ3k6wBQow="],"block_size":4096,"path":"pdf-viewer/web/cmaps/Adobe-GB1-5.bcmap"},{"block_hashes":["i7WPUol+glxMVNNjhWHwEUnNKlqAgSyPX4zBTzWsWg4=","L3xUdb75o3Gq30+3bhbCd4HwYQFTjSo6APXf0SJ1nbQ=","zDq9+viQZsLfP74zHZHc2sXttMU5PACmhvovNPrbYKY=","F4xCeSeIupmmx2MNUFd4fRhT+xHc7SW26gBE4uTHW6s=","NU7m+9m0T1IofbyKLzwtBiL6Xa1QJoq96mR4/kWC9jE=","YMd1HDvPcCMfTPa/DgNvrxL1k7/zL0ngWsP5AZEXzYs=","AcWGsF7CKtslzw6xcesmFHfL0uHjVDS2lIanna71MyY=","0lE8zhwq6uxoRaN93U7optD+1QO7Jg7jc5AUrr46N4U=","Yny4GBT9pLKg21XFUPF+0RzRHuwwZDaJW4C9Q+tSxE8="],"block_size":4096,"path":"pdf-viewer/web/cmaps/Adobe-GB1-UCS2.bcmap"},{"block_hashes":["Rk8IkFI29XA7H1z4NYdnyLGOa8yAiEDQgfHeLHqzgTQ="],"block_size":4096,"path":"pdf-viewer/web/cmaps/Adobe-Japan1-0.bcmap"},{"block_hashes":["TII4SHIhh9H/51rj9fkSbM0teJWgX60UyRn7EZ4DcAg="],"block_size":4096,"path":"pdf-viewer/web/cmaps/Adobe-Japan1-1.bcmap"},{"block_hashes":["eBD7gI42fnBCnpCpR4/mo/3D4hTyXHWCzpwtpqJCMVw="],"block_size":4096,"path":"pdf-viewer/web/cmaps/Adobe-Japan1-2.bcmap"},{"block_hashes":["hN6xgocRrT05DJiZw4q84b9hnWX/e/GjJuyVrMRfCPg="],"block_size":4096,"path":"pdf-viewer/web/cmaps/Adobe-Japan1-3.bcmap"},{"block_hashes":["P4pPl0kZwri65dEBdf+iZzvhQEgeAIQFQshdSO8YQGc="],"block_size":4096,"path":"pdf-viewer/web/cmaps/Adobe-Japan1-4.bcmap"},{"block_hashes":["HTzk/yjZd/jPN6kSrk7IEfQXXDFnsewLJWf+7D554ds="],"block_size":4096,"path":"pdf-viewer/web/cmaps/Adobe-Japan1-5.bcmap"},{"block_hashes":["Vgl5e5QBswvnLvlkXaYqh4KfBYw75LXGIzgxGfWEsdk="],"block_size":4096,"path":"pdf-viewer/web/cmaps/Adobe-Japan1-6.bcmap"},{"block_hashes":["gSURf4lxh6nJufh9mxUih7dyqE/T3F19tdU69l2+0q0=","XnFP+wvKw6BDdM2sQpsb82Ag4RS1Yhco8vQ4npNGFZ8=","vajXMtx7X4opfvDmQp5fyqCsQ7n2UmyvgmxKwB/wV1A=","/C+dsx7q69HGyZ5MBx+zxADFxfJu52VcrEESs4/utC0=","A9PLYgU5kawD1Et9aiWZIElFplpMLwdOEsMZZpSDdZc=","tYeqOnLySQr26M2/+wAuRl8jgn2kvr6NAPQ4G7Kl/ck=","AZZYC4+fuA47NpwqWZAhzAGUHQnF8hjz3YmTTDnMb9A=","x4/I0F+H4GA4cmN5YStqlr/pzYCr4VpQ1qEliiK72co=","/nh1PBIpjem6/vcXDPTkqbuiZVpPz4PKvsbOYi1hRZo=","Im6i0bP1inZ6g6W0h3uPIwa4Sj6l0tLZj1501wIm1Ws="],"block_size":4096,"path":"pdf-viewer/web/cmaps/Adobe-Japan1-UCS2.bcmap"},{"block_hashes":["37jDh08OWow6z1l9LBLStj6QvF5PD86ZDsTFYHfYCzI="],"block_size":4096,"path":"pdf-viewer/web/cmaps/Adobe-Korea1-0.bcmap"},{"block_hashes":["YvJ3t7HEQcAHeXrnB9XDcljQKc5GYaK5EeLh7jXmrcE="],"block_size":4096,"path":"pdf-viewer/web/cmaps/Adobe-Korea1-1.bcmap"},{"block_hashes":["HXcGivRi+W160orX59Q+72QjxoW0edfcJf9d842wOA0="],"block_size":4096,"path":"pdf-viewer/web/cmaps/Adobe-Korea1-2.bcmap"},{"block_hashes":["0EEziGT4pTsQVFepj9IMpDywwBBeV9e2z5M3BsHROsY=","S6uv7b5ZIg6Ao7QI1YvnF6W1+NgSpZxFI7o8xAGJ8gA=","TVVYEce5zeUuTo/DJBpab8IbLySTqbgW1jV34bhoFuM=","ZOPnQowUL1fBy9uy10jSdmpWrOwF/euYsG7fVzss5s0=","L0lDuviZOo8clCCgZr4HCoX7m8c2zwAQx60iEMmvtKU=","J3HvpsftVLMP6XWBgSVIcYDlvgpM64Rp3V1BbizVwDU="],"block_size":4096,"path":"pdf-viewer/web/cmaps/Adobe-Korea1-UCS2.bcmap"},{"block_hashes":["cYrQ/770w0+PPzEpLEYuUZzVZ6VRH8izRsYAENZPTvk="],"block_size":4096,"path":"pdf-viewer/web/cmaps/B5-H.bcmap"},{"block_hashes":["tcNzg1F0d2IM7ZJ7a0/9T0zGIw2AUbW0aiHWdo4H99g="],"block_size":4096,"path":"pdf-viewer/web/cmaps/B5-V.bcmap"},{"block_hashes":["urYCiurR1hSUAOkEqxDP0xkILYJkc+1MWCyO7tkg8X4="],"block_size":4096,"path":"pdf-viewer/web/cmaps/B5pc-H.bcmap"},{"block_hashes":["QVQxQrl2fzt2EziZ/IRTKCsBrTxlOsrupC14xafQjGM="],"block_size":4096,"path":"pdf-viewer/web/cmaps/B5pc-V.bcmap"},{"block_hashes":["6Pic1h5khrlIIF2kZJnWWe0K7ZSbcJX9PI6V/+Kw56k="],"block_size":4096,"path":"pdf-viewer/web/cmaps/CNS-EUC-H.bcmap"},{"block_hashes":["yuQivsKsbb6Gv5Ic7JQrrNLQtzP/zKX5GzuhTpFwJaA="],"block_size":4096,"path":"pdf-viewer/web/cmaps/CNS-EUC-V.bcmap"},{"block_hashes":["6Eh5casgzRbz3j6KxW7JlLcrZYrRE/KBgjnf1RCPUBo="],"block_size":4096,"path":"pdf-viewer/web/cmaps/CNS1-H.bcmap"},{"block_hashes":["Qt+AdqqnV0UF5zBK+DozI+wDLEF31ksTCduMBD1ZSoo="],"block_size":4096,"path":"pdf-viewer/web/cmaps/CNS1-V.bcmap"},{"block_hashes":["vGAk0nTUQPBiXGniXzcDbvbLZolDLOqhYNNDKipxbKc="],"block_size":4096,"path":"pdf-viewer/web/cmaps/CNS2-H.bcmap"},{"block_hashes":["Lk9wqK/SOhIQMPwuW184FukDsR57qLjAllSzHIA5nDg="],"block_size":4096,"path":"pdf-viewer/web/cmaps/CNS2-V.bcmap"},{"block_hashes":["bbHu4laGiiI/yWgU98V6okObEkEt7Gvt+w1czb8XdfQ=","AQNREXxrUXSlrFJYzoMw1fu9QcChg6fspaHmU5WD39w="],"block_size":4096,"path":"pdf-viewer/web/cmaps/ETHK-B5-H.bcmap"},{"block_hashes":["H+o/0Nnw9nn4BQWACFHvLkEx2BEn4YwAaTj/ovTIskc="],"block_size":4096,"path":"pdf-viewer/web/cmaps/ETHK-B5-V.bcmap"},{"block_hashes":["h+5rP1v9pf4m+jVDEmTH1zBw0Q2785inUYXWOuMiwY0="],"block_size":4096,"path":"pdf-viewer/web/cmaps/ETen-B5-H.bcmap"},{"block_hashes":["R9wNLCHjveMXlHrsFnXOq8HVRgpgv5wkM0uMQHoXFyw="],"block_size":4096,"path":"pdf-viewer/web/cmaps/ETen-B5-V.bcmap"},{"block_hashes":["1fWnPaQXO32po6IOFvJvnNXRLesVU0CZGeDOxv03/e4="],"block_size":4096,"path":"pdf-viewer/web/cmaps/ETenms-B5-H.bcmap"},{"block_hashes":["GCUvypD0cvR5rxvd1g1qtRyOG1Xc9oRZUUJlBJNFQ+A="],"block_size":4096,"path":"pdf-viewer/web/cmaps/ETenms-B5-V.bcmap"},{"block_hashes":["+ZOc1X/M3GXF2fTCBf1Jfr29KDZDMI2lZjgBqMHZxZU="],"block_size":4096,"path":"pdf-viewer/web/cmaps/EUC-H.bcmap"},{"block_hashes":["EoOlCnBlB8RDbag+3prXpEQL4lN48ulvbIGkMAgUJqM="],"block_size":4096,"path":"pdf-viewer/web/cmaps/EUC-V.bcmap"},{"block_hashes":["QADtTmGhxmjvRTu9BgPPo4Pe+nk6vUalfthw1/UnNQs="],"block_size":4096,"path":"pdf-viewer/web/cmaps/Ext-H.bcmap"},{"block_hashes":["4NLw3zN2YOc4EyON1Kcl8R8GIbkPMnOFfbJT0OdpTKo="],"block_size":4096,"path":"pdf-viewer/web/cmaps/Ext-RKSJ-H.bcmap"},{"block_hashes":["9heiK21n/rsYeZCVIAbJGp9aTbIRVdJoxlYlLQwhmF0="],"block_size":4096,"path":"pdf-viewer/web/cmaps/Ext-RKSJ-V.bcmap"},{"block_hashes":["wgh/uEWp46zqDCkizUDmr2fhGVe+x03NWX8She3UkM4="],"block_size":4096,"path":"pdf-viewer/web/cmaps/Ext-V.bcmap"},{"block_hashes":["koutBv2EpI9bpxUNdxZgkRn7Zg8qqnPsytgd2rm50gM="],"block_size":4096,"path":"pdf-viewer/web/cmaps/GB-EUC-H.bcmap"},{"block_hashes":["qa2IrCR52lKbFtxIq8WVIzLie8NVM1+R31cppYdTMyQ="],"block_size":4096,"path":"pdf-viewer/web/cmaps/GB-EUC-V.bcmap"},{"block_hashes":["EBjHd6iRC1u0bX1UpK7p1Rylz/it2ytByWnZEByz/Rw="],"block_size":4096,"path":"pdf-viewer/web/cmaps/GB-H.bcmap"},{"block_hashes":["C5Z4kUPAu/nxZBrnFls0VtzNFNq//LsL1lTVv2+U+GM="],"block_size":4096,"path":"pdf-viewer/web/cmaps/GB-V.bcmap"},{"block_hashes":["mNTnDMRw1bybzoU2hms12iL2LgWeQbJcqZkd12ozgv0=","879hzVpdaeRaRHx4STE+SWz1stXioinMMfKUgGP/zYE=","deFLPqJgkfPMK7KNy1XYJ1TD8AJMnR5cEuVAk5vw+5I=","v9QqGmxmXN8AkBIc48lZUEzLi+sqjSL9ZzJexHs20NE="],"block_size":4096,"path":"pdf-viewer/web/cmaps/GBK-EUC-H.bcmap"},{"block_hashes":["p/013RTZ29uVXzTmwGMGGLZiDf0J1Cg7L2WmXOd/yuo="],"block_size":4096,"path":"pdf-viewer/web/cmaps/GBK-EUC-V.bcmap"},{"block_hashes":["VEevb6fTTXhD99pwqcwYkkUoFw5PxXC2tMXkpVvRB7c=","6SeHEeTtJNIKdyrMtiwF0SFABVQNt9lg6REmidLf2zI=","crXYnMmNwejdfU+Lxt/zdyfpGn11pGS1HqghJQmgR8s=","ln40IGAxRWvgxrDsBrLny5CVPyF0cGAQjwtqGQDA4rk=","ar7DnFsUfxSKYMdyCeluB8rcLNgRvIdVBZu688Rvg7w="],"block_size":4096,"path":"pdf-viewer/web/cmaps/GBK2K-H.bcmap"},{"block_hashes":["uSf9/VlcB86RWL8uwT9GQbLoOwHHCYna36vW7Xxqwtw="],"block_size":4096,"path":"pdf-viewer/web/cmaps/GBK2K-V.bcmap"},{"block_hashes":["7TZbIuOq81rswtwLRCqQLeU23L85KHVOedNMzLSW8zM=","h/jxViJAkvR9sZQckhIVCoCnkMb3Mzn46oWiE4NBcQ8=","q0WNYTtig0eauLAYr4F4pCO1YvVJ2mstmi49G6ie698=","fvWfyWIoIeR1gVEzIIAIuNc3xcl8I8VCZT4N3xqJAnI="],"block_size":4096,"path":"pdf-viewer/web/cmaps/GBKp-EUC-H.bcmap"},{"block_hashes":["/cc21G5kJiXczIrYxZ8safx9t6E/LnmcbGt3nnB7uXo="],"block_size":4096,"path":"pdf-viewer/web/cmaps/GBKp-EUC-V.bcmap"},{"block_hashes":["FGnl4XNRqFYxmiNsTW0l9tMIHvVjIyvRJbVcJlnLzG0=","KUqHKp2vruB+FJ/Q+Vl9R8B5YLCE5+oGW93fjm6STls="],"block_size":4096,"path":"pdf-viewer/web/cmaps/GBT-EUC-H.bcmap"},{"block_hashes":["oa0k5jZTuKo4jBj6XkmPAHVk5D3eaZqfkcy0ZFyZm+g="],"block_size":4096,"path":"pdf-viewer/web/cmaps/GBT-EUC-V.bcmap"},{"block_hashes":["EBtSKlL4hQwKEDt0boI9706uqMRKG0IiiUvSZObTQyU=","U2V3RoqLdQbjR2rbwe7CTjfsurKnO1FZi2wC3X2So+Y="],"block_size":4096,"path":"pdf-viewer/web/cmaps/GBT-H.bcmap"},{"block_hashes":["zcLsXDx8cDMpDJqIlIeCAvCGdOubGufTYhhDAyZ2h3E="],"block_size":4096,"path":"pdf-viewer/web/cmaps/GBT-V.bcmap"},{"block_hashes":["hfhzfiQ5+uCfKnBB5CkK3jrakxfJnkbh9aApqGIDYDk=","hSO2bSDRBByb0IAINJt+PJAM6SLoAT8l9b5CWYjw5bM="],"block_size":4096,"path":"pdf-viewer/web/cmaps/GBTpc-EUC-H.bcmap"},{"block_hashes":["16GxPq2atRHPLNAd5s6LAqqOh2foSJUzfXo7Z/A5+Ts="],"block_size":4096,"path":"pdf-viewer/web/cmaps/GBTpc-EUC-V.bcmap"},{"block_hashes":["PEpOuC8Fq+UfZlCYXGMOGAQ4v91JExj10g0uwpI24cM="],"block_size":4096,"path":"pdf-viewer/web/cmaps/GBpc-EUC-H.bcmap"},{"block_hashes":["IVvfooQnBWJLTPTNKbjjxyDx4ZI2XgMFwRAwpCTITXw="],"block_size":4096,"path":"pdf-viewer/web/cmaps/GBpc-EUC-V.bcmap"},{"block_hashes":["oCM+IQR+wAuFISWyQ8vPMKvuURFVttgVnCT5RDhLye4="],"block_size":4096,"path":"pdf-viewer/web/cmaps/H.bcmap"},{"block_hashes":["UkK84Y+xOrTMWbFGoD66NuTOQmZ+7/CeEJganSqkmWs="],"block_size":4096,"path":"pdf-viewer/web/cmaps/HKdla-B5-H.bcmap"},{"block_hashes":["LgU394bAeR1BqSX3K60tTnJoqmy/FaFACnImcs7Djiw="],"block_size":4096,"path":"pdf-viewer/web/cmaps/HKdla-B5-V.bcmap"},{"block_hashes":["/cgVmYS/Xb5HXA1d/LYh7O5N6gfDjGaL139MZ54jubM="],"block_size":4096,"path":"pdf-viewer/web/cmaps/HKdlb-B5-H.bcmap"},{"block_hashes":["sknrncuRWrRQV8XU16pV74jQ77sJKva64LLUcF0Tmr8="],"block_size":4096,"path":"pdf-viewer/web/cmaps/HKdlb-B5-V.bcmap"},{"block_hashes":["q2TH/F6bLpd1DMTyabDaFP2GSeSRUbdZjI34ZZm6xZE="],"block_size":4096,"path":"pdf-viewer/web/cmaps/HKgccs-B5-H.bcmap"},{"block_hashes":["AuvffN/7U5X7IQkc1YoBOhiuU4iSKCL53GKS7xa5iVY="],"block_size":4096,"path":"pdf-viewer/web/cmaps/HKgccs-B5-V.bcmap"},{"block_hashes":["v9i73ms2qdpMHJAsdBIaMNmAenB5oA7uohi+atwiPO8="],"block_size":4096,"path":"pdf-viewer/web/cmaps/HKm314-B5-H.bcmap"},{"block_hashes":["KmSoFc+2/dSAZ0qGh2Lj0WH9oXVDsgySCZeFWfBmcWQ="],"block_size":4096,"path":"pdf-viewer/web/cmaps/HKm314-B5-V.bcmap"},{"block_hashes":["SdfAN3WIJrW2wPoynDW78l05Qxl3VOcuzTDG+wTXReY="],"block_size":4096,"path":"pdf-viewer/web/cmaps/HKm471-B5-H.bcmap"},{"block_hashes":["viTBCeeKpP48HyfTCqs+0HQeeD+htrbCcZdBBytUsTI="],"block_size":4096,"path":"pdf-viewer/web/cmaps/HKm471-B5-V.bcmap"},{"block_hashes":["omfDLXYS9eZpIYXi79FKIBs/jY2n64uHKySDPf/FmZ0=","sRKAmKELHvsADBAA2xf+2L0UCT/JMlhYB8aInb/gHVQ="],"block_size":4096,"path":"pdf-viewer/web/cmaps/HKscs-B5-H.bcmap"},{"block_hashes":["0HNUK32tHEy/AcGvXwzRMhjRKBpJGVbjEMVXAvyHBcQ="],"block_size":4096,"path":"pdf-viewer/web/cmaps/HKscs-B5-V.bcmap"},{"block_hashes":["tFRwH3rs14VnaQFt/QTKZCgKBg8sZ6JGbVC0OV0kl04="],"block_size":4096,"path":"pdf-viewer/web/cmaps/Hankaku.bcmap"},{"block_hashes":["LtZpOUdW3ZRYZRzZmVqymraR7LdoZlkAMwbN8idnpBQ="],"block_size":4096,"path":"pdf-viewer/web/cmaps/Hiragana.bcmap"},{"block_hashes":["Z4ThbbxYYcA2wj0+VfDUugl1o+Rk2g7o5JvP/wvgcMQ="],"block_size":4096,"path":"pdf-viewer/web/cmaps/KSC-EUC-H.bcmap"},{"block_hashes":["/bNrrYXpkkgj1J2zdAZ5iOAkz4D8iUcR8skXiVHLvpU="],"block_size":4096,"path":"pdf-viewer/web/cmaps/KSC-EUC-V.bcmap"},{"block_hashes":["wfbWHx0zBP1TmmWucmJPpWfsw4U79S4oOVinolFbPu4="],"block_size":4096,"path":"pdf-viewer/web/cmaps/KSC-H.bcmap"},{"block_hashes":["9rzumVRTTWYy0yvlp0LQT71m9VsX0I4ATpnbfD33rFc=","2HtWDabDoicDPMTIm2+LPwmkhloUnxAC9PlXhe9wS94=","zyIQUBKwjW0FL6bHH6TQb6I2xhwAlayY+bStb0kapTY=","BkOS69BoPdSoyd3lFokbqHPHuojm9HR33Nc+OVx+VtA=","fhCd8qwAZYKwUvv2c445rEeCwzJzKBF0WXsJ98/1MjU="],"block_size":4096,"path":"pdf-viewer/web/cmaps/KSC-Johab-H.bcmap"},{"block_hashes":["XWGWeqwOZm3vch6LjQ/tj5WoeaFPLnbOUWw9EcYh5Rk="],"block_size":4096,"path":"pdf-viewer/web/cmaps/KSC-Johab-V.bcmap"},{"block_hashes":["19pa/Z8f50gW15yTJfATmk77ZDhmTr/fmnqpLzA0Ng8="],"block_size":4096,"path":"pdf-viewer/web/cmaps/KSC-V.bcmap"},{"block_hashes":["W3DY9qT6niKD3GSfD/ldkG1W777lCiDo0vrsOo/tB44="],"block_size":4096,"path":"pdf-viewer/web/cmaps/KSCms-UHC-H.bcmap"},{"block_hashes":["pea6IqzrAv3t7hG/ue0ThGPYnoW4eBC58HW0adk2+Ow="],"block_size":4096,"path":"pdf-viewer/web/cmaps/KSCms-UHC-HW-H.bcmap"},{"block_hashes":["iQMypqJogNRjoS8qb/BIv5z35FB3z7HKiBW4m6p79BE="],"block_size":4096,"path":"pdf-viewer/web/cmaps/KSCms-UHC-HW-V.bcmap"},{"block_hashes":["FjG1McmkDIy+JMIxfboQc2Lkn6bhivYgQU1ifBEdVww="],"block_size":4096,"path":"pdf-viewer/web/cmaps/KSCms-UHC-V.bcmap"},{"block_hashes":["cJSAaCxVztuwEkuZYNeOKP6+7g3y40YH1hqsZgFkfsc="],"block_size":4096,"path":"pdf-viewer/web/cmaps/KSCpc-EUC-H.bcmap"},{"block_hashes":["AxcHiH1vwjeKNs22d1M0/XojbD+VBI2ENqv0P+JvxJ0="],"block_size":4096,"path":"pdf-viewer/web/cmaps/KSCpc-EUC-V.bcmap"},{"block_hashes":["O2ymZC+/iCLaANXlioqidSFtXDLb8r1z6TQZf8n8XFM="],"block_size":4096,"path":"pdf-viewer/web/cmaps/Katakana.bcmap"},{"block_hashes":["KGxsnjNdozCSigHtw8l6OmI/H388QnYrCn3C9lGxp48="],"block_size":4096,"path":"pdf-viewer/web/cmaps/NWP-H.bcmap"},{"block_hashes":["OnX7e1mt+xcnEHWMQl2Kxsk/1TYKZN1K/V3QTmCrS00="],"block_size":4096,"path":"pdf-viewer/web/cmaps/NWP-V.bcmap"},{"block_hashes":["pw3mGiKomPaT8CzAEcPjz/LhCqp83bRmHkVqIa6Fn3g="],"block_size":4096,"path":"pdf-viewer/web/cmaps/RKSJ-H.bcmap"},{"block_hashes":["aMGmRQZHGlJOpc/Ds6n49wAxmJpr2VQnsTUfM8z1CwY="],"block_size":4096,"path":"pdf-viewer/web/cmaps/RKSJ-V.bcmap"},{"block_hashes":["HGs++dnlyxqjKRQs6UFLkPm21/kYKiqeknN42rjw1D8="],"block_size":4096,"path":"pdf-viewer/web/cmaps/Roman.bcmap"},{"block_hashes":["UvHPzvIL+kp7/NyREB0bi1t6gH23mOMdXq0kEibe7kU=","c9lOypPI86cJrqw0SNNtUt5Xal5W8iHifZ6niexM2Qs=","U5jOZNWp0sXDd/LiV9FA54Ls3EDe5y/4bicAOBF6S4s=","93Mob35vuzii3hnQbONDqsOJvvRZx8mA8y/yheXBb4w=","1JBGXPPmBMCpNMYoIG61QcC4Ajz7asjdmKLao9unFUs=","RULJ2zVo3m8u0+rf2KsqcHeXXPniGO1nI3eFpLJbBlM=","RvUdGlZS+TWj0WbP8ICXQ8geZR1dsoOQ2/0LfDCnpa0=","AEA+M+v2yUn4KhU43+PQMruY9gfETOBhd3mSLuCW3N0=","3QNk8/52I938ibopr+L9sZDzY9WI6ZcaFqYpu8ZVJiY=","7zKLeD6fZgbOCxtdvctC9v++1GP/xdb6BpEMwFEVdxc=","seSxyAobgPPwk65/MLJSyM9K+ZnUmOvq8EIY2R3b0ZU=","c3jyzi8lOQFa4MZRAz+DBgS0+WBcaBw1nnVdpPxMpPQ="],"block_size":4096,"path":"pdf-viewer/web/cmaps/UniCNS-UCS2-H.bcmap"},{"block_hashes":["HlzBhLhQ6kSrwt+K5WdCed9mjo7fXioaLqK9d629KA8="],"block_size":4096,"path":"pdf-viewer/web/cmaps/UniCNS-UCS2-V.bcmap"},{"block_hashes":["Hn8PXbkg5hZ92ZwTaxneK52nHHaqI8aiJxFKjalJv+w=","3o7Vi9srzqS1yxcGTB7VBi1kYFDPNm2oUwWWwRWzRAE=","oiBkVCOWAnSGLxNmvrvuqcQvj8nQhPSyZmLLWcWeqKg=","7/AVYPZu2n8Kyn+S9TpVx4WpLzerDcvGCkFFNOlM1lo=","YHFng+sVKvU8E3RFFDCFoNRaMP7lMke8DazX1ZZNcZo=","Yeiq2bEOjMiM2qqi/8h4bu8khFDTTU0LInretM/DH80=","Agf8ikYNlVSRjFdTjC13e2yyYKHt7UU0IUV25SqAy1g=","Iuo9wghmcFkJ8O7Q61vupSqLcj/7HK3XGWnqEvshAbw=","MtAjZg8fd+pdAg6a3B0tjM1+UL9uuouqZLvjh9j9zc8=","gqYGBDG00hRhSDwImawd8le9T/zpvE2BOxA3f1d6vJ8=","+gltJJsReO+L2Kpwe6i1u7f4Tpk82hg1bqpJSKfFvuw=","YRvUyRBlCBzOhFm9/b1demGwH4wl2aBIBTNUF0o48i0=","spm0wKMQjRVQohOELzQw1MYV5jEby9ncNjcixx3xl38="],"block_size":4096,"path":"pdf-viewer/web/cmaps/UniCNS-UTF16-H.bcmap"},{"block_hashes":["J46x5o0aI2xg71lHLPAXbuDUXzZChedsoSQZoI1G+5o="],"block_size":4096,"path":"pdf-viewer/web/cmaps/UniCNS-UTF16-V.bcmap"},{"block_hashes":["o31bpVc+gQ3+KmNCEgFsHdZnToJARx0X7kGnGkvQe98=","5WmsRSjCHnwcuv5AJ06RCDcO59iRyohaDoImJ6gSIJg=","E+lG34s/6A2AK+08SoYGXKIRW42/dNEHwBMPnP5jIYE=","wqEk723ZeVCUgG+yt9hbamPc7cEqh/ODneJFTx8YG/8=","b51iCLFioZoCcb8Fbmz2AZklMRwUoR0El6k/OyQu8ZE=","qQMRKBIFWIzt8PXHB6MhEpCCBikKoiMTaMgftC+gViA=","IINOOkVi7YJYTOPKBr2c2aHO7Zg0RybsYSolcpWa0ik=","5CodStvG7WMLVQD6IF/lPw/PU9rQk7q1LuI2ChJ0q18=","w/z9C6cJbFxkX7epNSngSN/ZKK3z+NjYSdPrcyqDLfo=","IgoOJeoha6mphF4Mpz/0C9fLl0AUV53cw8ssVcUgK/I=","WKr8YupoQ4TU+45eTUJZAhtteilLB4xi0gOyqYxwUgg=","qoCOIufgZ9pcl5od0rr7T88yejrFXvS1X12kamhpq2w=","n1h8krjxTKnnski41OzI6Ohsnyo7mtmL7lgblDG8EmQ="],"block_size":4096,"path":"pdf-viewer/web/cmaps/UniCNS-UTF32-H.bcmap"},{"block_hashes":["99o8r4POscs3k2+hBwDZum6cP3LFvJck46x5v/DAF54="],"block_size":4096,"path":"pdf-viewer/web/cmaps/UniCNS-UTF32-V.bcmap"},{"block_hashes":["M7oWyZ3pfNnLt6SYYEyN7NrBadAWG4fVQ46BGHoBYUs=","p2tA5A9BCnnfyPvuEPME/3rczy8bDerZtyLWNLrNXnA=","NYI+6dNY4JufB1JoMGHe71c1amiae0k0GXThUzAUJ2I=","G7oLvzSc8NTZ0xnIpDC21pVMb5NMz41KQUSQA9k5IDE=","4Jm2g2uA/fHckjf4PuWlwqppPhZ15+KjfNWS7xvXbjc=","iRFXWkj3iuUwTOUySg9yK5zy+JzYWcqfewHKB++90ac=","lEBs/CvXzz7kQtm7O9pADxGMi8VFX/fPGK/gxciRH7w=","FoRIquriW9Gb5NCDqD0cQu+aq+lC4yexA2eSojdIqdQ=","OcKqdwuW515FaluA8uXcpdjeMQYm4uWdVVXs8SGJFJY=","G56RXFgj3F1I93GASEkO5n+t/o/5NxyAl9VN35TDX4A=","hysOBvefrhGZBm2CLV1l3kRc1lVaIb3oWEeQUbX6rZY=","mYXHXPWF/Hs1L+eu6+JDm3HY1Fm+MSaFd/PpFx6ojpo=","qiqJaF4LWsCbhor37u2FceM50Q+4QdHJth4hgffmYFE=","gQJhQ03mr3r6bp6nQCr9zNrjK5Z7W4PlhAApvvTmmGw="],"block_size":4096,"path":"pdf-viewer/web/cmaps/UniCNS-UTF8-H.bcmap"},{"block_hashes":["t8PxB4Coxi3RyP9sMNweTiO2zch8Opb81RTMmP/Tr50="],"block_size":4096,"path":"pdf-viewer/web/cmaps/UniCNS-UTF8-V.bcmap"},{"block_hashes":["OS1AnUf/1DOAdznbLEIoTIZn961j6HjO5eNqTqheVHA=","BJaiu5SltqdrBDGprcMXVq7uyJMHp0BZC3cjsGT0je8=","lyJL6XHxSixOMI+OyjIuLsvawFc9mtIqMHzWoepSCG0=","O6AbtrBQMJ/C85mFr6Ymyg5+tAwqVhCdtu2TwE//YVc=","iarmSWvPSjAhO3fiq/vnM5yrgw8TxrjERxgNAxLmyFw=","TG4PT4/Eup/lb2Y80g1k5ne861cANKoXnkH8/zNdcOo=","3ovIMfVe+EoJ0/nDZOp55ZqSAnbDxL/20KADAKQRfwA=","qMOxHS9uV6wMrS48zW0UQdsUhfPKDTDtc2SUUoTxk9M=","Yd+CW73TEB436RfTy4BBEb6beYlFPAQHxSdjaId/2pw=","JjnTF6a679VMlBKwU6e9Bkn7I24/Hc8gvqIRy72jBNM=","D9/MT0OkE2zF5ACyfNQA0fZuowq6nzXRDi/2c/xZv3A="],"block_size":4096,"path":"pdf-viewer/web/cmaps/UniGB-UCS2-H.bcmap"},{"block_hashes":["8QKCM15NZCA7wqZTo6R9dF7HbIrgRUn01QGAwYmb4hY="],"block_size":4096,"path":"pdf-viewer/web/cmaps/UniGB-UCS2-V.bcmap"},{"block_hashes":["xFk9opoAO5WECRBBWWCl5nOCyjj/N1WwVQw0HuroYlE=","RVCZgORhS1CgbXpVjaPQt0qqSFwqmC1I16esOzkctuY=","VIjSUmkNIhEKltrVB4mYT2n1Hkmjyuid2Xu1SW/f6EQ=","rAPdV8/vQIS+NycLB0GweQLENT927dvrgEKxrEUv+ks=","DJELkPqYkILUv1hL6VraelCmxq8F9i6nt9DJOWfB1ks=","0f0ZpgrYbAQ2Wy5a8xyvcXffmoc7iPnKshXf3jq7tm4=","GSOj/87ZzDp4Hyw1/V2gZb3UMs2MpDIhwyE8zVKlfwE=","B0UjxE04zY+om2KIQ8Jmz68KV4UfZR25w3PUKXSijns=","iOgDAUG6S3Ac9PTJuK+WWn+di4A2rBoEgVMXumanm3s=","BkH7lqmmmDGk4iBtAyEy5E2GRCI/V6tJGRw86enakUY=","o6dN8TjvaRRRtyy//T9LFsBqgbxMCRro49an2jzoJws="],"block_size":4096,"path":"pdf-viewer/web/cmaps/UniGB-UTF16-H.bcmap"},{"block_hashes":["BHPPu6YSuS3ZkY8P+K7pESiXxI4P/cDrgtoxRO2OqEo="],"block_size":4096,"path":"pdf-viewer/web/cmaps/UniGB-UTF16-V.bcmap"},{"block_hashes":["X5i9DTPXwNUWWsZBofbGbIy0R2Cf2Rw3k1gs1YD1dRU=","deaZqsdmPZMHJHHDd4WZTTENw2ZvxkzpPc9k36W8ra0=","hgxYNd88XT6B/rcNEsasSCnvEfu0ixVb6mPprDSPZ/w=","5TXd7oZ+AAlhu3FrFMXSwwBzBnWDRcQV83qbEwnb++U=","eX8wSh9/qAxHdFUX7qEY63DdkOxw735edsHOa0zpbRc=","SbiOZ7psKQntxLwygR4l4mSZwx1epHZ2YFamtsffBBI=","SDfpxDIqa2MKzNmCxxmqxD1RLeCtw6VYrTidk5BSImM=","PPUV5YDEs3lk+OlEEVfRg8mOcEgmESVLfZKfqr80f68=","pAiWgBnQhgjTTZgvzSNfnZ43lzLJpg3hcAC/1LgXtTc=","cd/Dvf7R2FKCEGxFRJOrMBBWQZTtX+tXrtgzmbZpQ0M=","g2TjBk/ZqLNviNE5XJFCNnIXwxLuaaYxt6GJy34wrzc=","8D1qXbJDY1iIs3BJ0fo84SC7Qgl4x2bLoKKQbnewImo="],"block_size":4096,"path":"pdf-viewer/web/cmaps/UniGB-UTF32-H.bcmap"},{"block_hashes":["EGrMSbcRi975ROMhB7TzSCOPOSmgoV07eqt7kQFTWZM="],"block_size":4096,"path":"pdf-viewer/web/cmaps/UniGB-UTF32-V.bcmap"},{"block_hashes":["5n04MIgW3TzrspRIsgNFhv2EL7yO70wbJJusQ9/zjec=","+yx57Ahr5VdXPSOYnb7FImlC1mrxsN2hC0gU6/p1qtI=","Tb0RRdJkNtFpQR/6zkJt2j4IESY9Zce5AWp7XtNaiPE=","7qWpG7TWmuKamsbY/VV+hY6IRbxLr4W/yNPZeX+jtSw=","Bvm/ilfeIBwcoCYyXXcIyUx2Gu//CbXWOwhQmEEMb9c=","lS+sDF3qygkIRMJ6jGjZw5419SUpNiICZZIFue1fCWg=","cmfc9MOoqJjPe7bHo5BJc4kiYrzdSCmPVrph4LGMyU0=","7Lg0hD1L1LUnlI8YBkwAwbKqvFuJyjtwVMTQTQqmY8Y=","Xx4n4IikxTWPZ1N7/xrVgvtaiYu0eCA6GrxRBVmzJrE=","Q9LpDr8r9pWAMs//t6i3CupP0s9na+mOw//jLgMPkzU=","+5L0sfL87Ckl2eCQGC+EFYpGv5Nnf1Nxz1yhfZ/KrC0=","hnk7FpTF7c35oPtz379M0wzUiYDg4NY9OMSQTNByLSs="],"block_size":4096,"path":"pdf-viewer/web/cmaps/UniGB-UTF8-H.bcmap"},{"block_hashes":["pk35R2MoeOrMUy+hk8c1ySo4O31m5vg3SsGTr3xk/GM="],"block_size":4096,"path":"pdf-viewer/web/cmaps/UniGB-UTF8-V.bcmap"},{"block_hashes":["OBrwpzmvomI1tn9vmtcSxGGJc7TDWo35ZPluvYz1lZ0=","iuvTkuQYQFpECyMxpBksekhXZkaCVxaTB5wfKEdhIzQ=","zCqhW/WeEwBMK1mE0f+vJT+f3LZXh2Dph+TTVReSrfs=","4aoTeN3PRXyl2vvwWt8GlwrtoN4nKyep04mNYbKcoUE=","gh4I7halbwDD1Rv3dm+iUvLVdEeWbhyuLPYeeYhOwMw=","74IhKPalQB5TOm0PTLSROf/HCKj+7iYaMRiFfifbx9c=","8nKRwAQ5cFGXB3m6OvQScuYA8FNLgnQV46ngfjf23GI="],"block_size":4096,"path":"pdf-viewer/web/cmaps/UniJIS-UCS2-H.bcmap"},{"block_hashes":["Fuh+3KlUF3wIgch0hZ1ngyIJJdghtc37h1W2Hr2T+c4="],"block_size":4096,"path":"pdf-viewer/web/cmaps/UniJIS-UCS2-HW-H.bcmap"},{"block_hashes":["GXNFfiwBkoGZR+VgaGJbNPuacuzIpHbObX6q5fc+Llw="],"block_size":4096,"path":"pdf-viewer/web/cmaps/UniJIS-UCS2-HW-V.bcmap"},{"block_hashes":["QqEz2OLOndbSKIAY4BWS0r8kNbMm05uU6gtuakSsM9M="],"block_size":4096,"path":"pdf-viewer/web/cmaps/UniJIS-UCS2-V.bcmap"},{"block_hashes":["0Uo/rmlJ5Lg9zj0pUWjAr1bRvuRk/1jkAhd8dUwGUUg=","WOhEuCmiX/ZmWqWWaus2aHxYGNfl6dXTIpGGNx4DM+0=","xpnTyK04Oso8LKo0W5QppaL/iPpBxbdJuU3U1AsiBDc=","PwLFHcmGq+qDxC4ZIO76IPDIgDwJXhizBa7nnQQyX9A=","XkjY+T2SQg1iRlTqOADN9xmxqUHmdFDjXdI7gqzhbek=","3RxFPJ+W8qye2mBDUB8xydAggwKYtkj+kICecGoVRXk=","7I1N0RNstbtVEjymMGDeM7M3OsY45xzsUIKMY/WmmB0=","xqGl2LZ7wqXdgedfviL82JqACotk/O/l007BQgDfmA0=","Iw0T/Be5Jzh6uj08cB863ZHQN/WQoN57TqEO0PkGDig=","uFP4DkuJGiFNz3o81deEmRc9YmWbIiNbiI8NtCW8abw="],"block_size":4096,"path":"pdf-viewer/web/cmaps/UniJIS-UTF16-H.bcmap"},{"block_hashes":["xnEm/HxzhQhVGGuw1kgqwKNlBX4LWHeMSrnyNGg/71M="],"block_size":4096,"path":"pdf-viewer/web/cmaps/UniJIS-UTF16-V.bcmap"},{"block_hashes":["bqU/mtu7cPASiQUjlQMNFoYPRn/WkUnIJOFe8uQB238=","qAU1tMGtmRoCRfMZHlSSMbhpvV9iGzw6jmP5Qbf9Q1o=","dEjAq7gsH/dx56uSDA1tSX+zJt7VE6WRy7Cljr4K7Ts=","/SnmkvtixhsL5JYXsKeXuMveyOi9U3nYiBgbfcm3pM8=","ekGoM7iloHNd/Uy75EsWgYpPpDIBNalm1bsffqjemU4=","hgzoUsFrqoiuEG/bwfLkZpN5f/3enD2+ADj/NanC1vA=","tVfVTEyIMZpcMpF3AKWjNaKIKaWkquDhAvGGK/btpG8=","6W/F22ebYsaFP9xBGX8+nDe7yTXNpqwmsQS8WEYuMV8=","ucRAygWVsN8ntHSVHTds14mHeKnSI1USQl85P4do0oU=","aEUJSF+1k7pGkqNUVp3Ee//9iq/JUsR8x+xeAowP5lo="],"block_size":4096,"path":"pdf-viewer/web/cmaps/UniJIS-UTF32-H.bcmap"},{"block_hashes":["7U2v2kAr3RnE1di/KrQUc8D4bzhFUrTHuWPWYn2u3rE="],"block_size":4096,"path":"pdf-viewer/web/cmaps/UniJIS-UTF32-V.bcmap"},{"block_hashes":["q72jbYwPXdKNbrN99+TcCEB12SS1ffyhMNFbxGxgWOU=","pk1t4iszaB51fSENjtLUlaDrYB3tM5989d0W2ZzIelo=","5FG2LewWBIWP8rZ5Gsew48tB5oxZ2TXSexghN/HwJJg=","KIR2WXt0fhpP1xxSCQa/fmGK0C8NHq+P/Xfxo2sYgxw=","eMWcsCNn8zCGXjT/60uPpSb9mYixO8IsLl6iNjTWQW4=","zh82N750pmGOJqCpab4OrOMbQv8HZC6SkaVlWKRqiRc=","XgjBsGuAAY5AchBz5H5aLGSbtH8H2y2NYDec8vcxLbw=","dRVqtJRE1DZ8c+x7OYzSSI9SL2Ejv7LvBxrfSZP42Og=","jaCQEz5IwhfDVCEHZBO0wHm7fZbvraiNn8ud48Lu9WM=","+Tno6QkuVj52S1HmEAVe/EwYSV+vSOmAYwiVCG1J++Y=","lSPQh63+nTmcx5edNj0q3G/XUqeGa8qL7A2vAY2jwB4="],"block_size":4096,"path":"pdf-viewer/web/cmaps/UniJIS-UTF8-H.bcmap"},{"block_hashes":["ECFhFCT5E7LfC/2+lL0yfATiJOyJ2OghxlAeo9IfQmU="],"block_size":4096,"path":"pdf-viewer/web/cmaps/UniJIS-UTF8-V.bcmap"},{"block_hashes":["P/Y59fR1haC7mLCBUdxg/kyAch0Pu/OpHJtA+PXTD54=","T8D6mpkszS+LKWLIzuCojFH5I3VvLtTBZEPUpVYoLSw=","1AxCTdYvj7pnmuqOn+u6FiL/yIVYnWpo3/Xl4Fj8TK8=","oP06EqCEOo7HQs5f+90+yEghBfrwPnHnxUTC/d3bN/8=","Pk7O2t8I890zaiZ7VTdXswq8y4xkzqk2jaYJY/KU0dk=","i0K6jOlPhZWXviiM22ynziJfcNsmW1qgyEJ07g2hgJc=","USHq5mYi89ZNQLqqvFGDxLzYHV3J3X9kYkQ32CKhN9k=","1aVLBJ0S4gkyRNrWuaFciX5id8BzQXgWTLDu/vAftaw=","cIDzyWVBFIDUdhoxCGSxugUlhGR4NsiZtuUZwzTHPTE=","JGGHLZxY0/qdIpl3FB2gh8KRQicQ0AjsLLT8EUV3Dio="],"block_size":4096,"path":"pdf-viewer/web/cmaps/UniJIS2004-UTF16-H.bcmap"},{"block_hashes":["OxSa/1xXB7V/syFdF3WFLIsfQT7A9nnqYo8lz4f+CY0="],"block_size":4096,"path":"pdf-viewer/web/cmaps/UniJIS2004-UTF16-V.bcmap"},{"block_hashes":["WfhSoXz4YxGfYG6EhOyz6bFQS5tAaCu0BoCgamv+UAw=","LFJ050r3pjl1Z5M8V0N0N/b65viXZ9CdNQhvuAbk0R4=","1MigDjo+I8B2Oc8Ad0OrntRn1bGTU4ASjjvZy9ing0s=","Y9lypgRsUsULlWQHv7o75339mxRkb4LRGTiQe2ONVoQ=","gtAtTz1z8r/mwQgi6KhPygcoGO88g3FwxwPhtnzf4YM=","ZlgUVs5kXbYGJcdyWgPi2FFfl3u6BJ2Zao2I6QtG+xo=","rE/AQerhX6aPaSuTg85nP9BSuGkZClE6+/VpwsZGPmE=","rrBC3j/deK0KK+qeOaAcBLNetEtSVg//Ru65QnF2Bt4=","gR/WY09hya3/1GzGLYVGBI7eUGtkeVvbH5Q30kcPDls=","zLeP/E+oPjjrMD/bCk5RtJS4YWs8XMLk35o9z1/ixsI="],"block_size":4096,"path":"pdf-viewer/web/cmaps/UniJIS2004-UTF32-H.bcmap"},{"block_hashes":["bdR1eC8ol2SKaDxIsvoBWhW48GhWdgvdyKF6Y/QYuss="],"block_size":4096,"path":"pdf-viewer/web/cmaps/UniJIS2004-UTF32-V.bcmap"},{"block_hashes":["ljvnvflE4kjSzu2BhdobwvSXQ80CTuvYIwauWqVijoo=","u1YIBR3fx7nw7ybt0o9ztJmpF/KBvSW6T98929XHxFo=","gQtBxg1mcBTiKcp2mrwJwxQbdVPEqRPaYPXx/XEke7k=","/2zG+2wB5x4S64FpfY/Lo1/1aU7zzoy9Xte3waggKd8=","2RoZ/XmGbbejJ4SIpUGPQlVpOlZOVlstEPxZuHTibC0=","m4iNQhcMAOLCmlHaS7eyIv/wm3QmCVry+wSsEfmy/7I=","2v6qCgRvkYOhwePRF+lCIHILqTYKFX6bpk4Cle7DUW0=","KURhfr0w+Y7KN8sqNbWClpP/CenexWZSqWtN5XDl0bI=","fPuf4yWYhmWj1enkAJzdaD9oceHCPQ/ta1+Ux5bs/54=","W9K+As0EpAHENZwlzhE4IMxdwevItD5KNnkaqOlSmf0=","TK+8vvS+nEGxSg8J4z9NHEYely3a1QwxNApwEjufxY0="],"block_size":4096,"path":"pdf-viewer/web/cmaps/UniJIS2004-UTF8-H.bcmap"},{"block_hashes":["QKjH6i1GcRxfePyah4p9tosVQ7pc1g7PFPUZot64Kbc="],"block_size":4096,"path":"pdf-viewer/web/cmaps/UniJIS2004-UTF8-V.bcmap"},{"block_hashes":["aCb5TXide/GWBmjBxYGcNMlYXBsjFS+8Ge6Bx98IUks="],"block_size":4096,"path":"pdf-viewer/web/cmaps/UniJISPro-UCS2-HW-V.bcmap"},{"block_hashes":["ST3p/RoI95RgZdirWPDDyf5In1oPEJ8tBaMWm0vVeJ8="],"block_size":4096,"path":"pdf-viewer/web/cmaps/UniJISPro-UCS2-V.bcmap"},{"block_hashes":["YYHTgs9zbF4JSS6L6fJvMfolt0YiU/I6sWZGr0MsrYE="],"block_size":4096,"path":"pdf-viewer/web/cmaps/UniJISPro-UTF8-V.bcmap"},{"block_hashes":["W1nLO4bWZhrSEErxwIEVwj9t9C6mwRlPHwu6B3/Hcqk=","ecejiKd/sqbZTU402+0XJ4EhQohAcbS/XAnPYnX3tVo=","JqouXqcjpe1JhQIz7ridbxXZn+kaIoTPYYslRwH3WoI=","9+gB5UzIYZuXf/IE8Fy0cxwrfqvK62qEIM6RyFEKoFQ=","QvLCTFq/+Up0XJvucDb2i0jupt2Yqm2uyDjQWb1ImMs=","uqNc5ywT4ZzH/1FoqXQzEMmoPbSqUbelBBoMfdnL1pY=","CpmMINKVtm9m96l8CQAmaCoiz6h/ldeqer+NwNTHrfM=","ecM1Bt22kU7ST3Y8v3uDxMzYhLSDNmJCDmWzieiA81U=","VoX7YbG9R/KvjDQqZ9rKDyQgwNVZWOQPgfcxQ5cU1y8=","TmHVuNeoNa5pMnxlk7owZPmK+Ecb6jXwMrUXt2zsOW8="],"block_size":4096,"path":"pdf-viewer/web/cmaps/UniJISX0213-UTF32-H.bcmap"},{"block_hashes":["3VThbKe/+zqIYkJUmyv314oncIf3xg0mNvEYwhpbBkY="],"block_size":4096,"path":"pdf-viewer/web/cmaps/UniJISX0213-UTF32-V.bcmap"},{"block_hashes":["njhwE+j3334a0+y5UMFT6BMTrsRGODODEl2/FfgnGKE=","jFGG+PHfi3e0FtoAkAwsuOQba4FLtdeAzZTwqQ4+dng=","qhsxDajBEAhzF5GGs29x2rRsXm+6c0YhoSzbphYyUrs=","Oj8LfjOzL7aLaLChix6m1o8w+E0Z8m4/Uv9nXaS1TH8=","tR1+GtmOxwiqwoK16ltnOQx4lrj6TITybLLETAkHaXs=","uThROpqMooTc1fWvd4HLRBe4xfJes89BfHRwXM0r0t8=","u7wFhc92kYqEmmaZG9SaaSzjprp/ScVUychdVHbRJlQ=","6cpCICUP7UMeoOEOb/CQjGNLS1aQIDnaq9rXJzOl0Cg=","p2dLGbZ61RJ881L2gWJZbDN2sZPWfIaSAbEv/sorutM=","iRk/2kVtHonRjhwLCaKfEUP3fOeoNHJOrj1pHJBymx4="],"block_size":4096,"path":"pdf-viewer/web/cmaps/UniJISX02132004-UTF32-H.bcmap"},{"block_hashes":["lMIr2Z53HF++DdjcOYUFcNTbAHUHSsoT4nKBPt18xX8="],"block_size":4096,"path":"pdf-viewer/web/cmaps/UniJISX02132004-UTF32-V.bcmap"},{"block_hashes":["xuvzm5lf+jFTLmR6eh1iPfDWT7vrUI0DaNtGP/plxvw=","vOeNMq1osydrtohmwrJGiyLZlmCWJjRNA/yzAHruGV8=","ybhB1cTU/JmEnWPYnL54t9onlqI+IVlmSZx+RPgiVCQ=","dH11Im9VQv16G70NVqRL2f732hHq+Jd1MY/54SDgI9A=","/d9fD9AY8qkrRA3M7incixllf9zW7ltlkCMT/WIcBGw=","dNfFK6zjOKr8ZJfGJ4xDbZLW/Jm6lLG+LX1Mn5TwbOM=","9R5fC65JToHp4lnQZbK4GzuLksHoazAf0sSWS57xXGI="],"block_size":4096,"path":"pdf-viewer/web/cmaps/UniKS-UCS2-H.bcmap"},{"block_hashes":["bKtUdDGVj73B1AHQbr1N1hpz9VCaEPl03zK8vKEaLkM="],"block_size":4096,"path":"pdf-viewer/web/cmaps/UniKS-UCS2-V.bcmap"},{"block_hashes":["E9/dW7OX3PM9Lq3SJeEWlEP4g1stAGn3baCCtdNy71Y=","GceqLBnDyRlv+vY/gFC8VXj9kPUNxQOQ0wdaCEKOl5w=","vts1clfVHqs8bZf7E9jAm/S3Mft8+B34uhBu0VU9SEY=","FNRk26UiP1wFb+/f50bz5mbu+aac6c8d56EgqPwtogo=","GrOQsudtfOnbDEc7d/IexWbuLjhE45deI2o3qFs+Byw=","mKFqaDAavtT0Y4j1ehxlpksU1kEdZXPRKbStwpTNltk=","gFFc56FQEigtzVNSAU3QUdsN3hgXK7dr50382jjxjlY="],"block_size":4096,"path":"pdf-viewer/web/cmaps/UniKS-UTF16-H.bcmap"},{"block_hashes":["W9tzkMgNzBNstH1B3HRgCCVglpwXMi7nOf4wIPtkJBA="],"block_size":4096,"path":"pdf-viewer/web/cmaps/UniKS-UTF16-V.bcmap"},{"block_hashes":["7uhCbJIEjS1SGVQyI0+A9InmlrkKccIkJDEMgoqCprs=","2a0K4tv1DUmP9dUUl+CaWkdWxN8QnCaBukt5c9/I9LM=","N+0gqsrMXRFjNyNEaf9EoaroUNZ/PH4nPEM9TH28Lfs=","+fo+2XUOC+0ZPJi9UdhxnSxPkK9aAPveTjwSFzRezOk=","szTr5c4g+wYs5polpjwBwg8x4FuvMjnUtoSi9DD+ers=","fqsG0da+OZ32F01vDrVf8U56iUMx1uJZY4zjhZGq7UM=","B/JcnHuI9LZ2vS5fP1fyej6XlqXaiK60SDBbEQ9J9L0="],"block_size":4096,"path":"pdf-viewer/web/cmaps/UniKS-UTF32-H.bcmap"},{"block_hashes":["39qJXs6u0IGvAw27uWK0linuqBf8PAK64V25PQxorNc="],"block_size":4096,"path":"pdf-viewer/web/cmaps/UniKS-UTF32-V.bcmap"},{"block_hashes":["EPifO0G34tGkHKh9/1knNfWiNlyjEkEX78espLx/hso=","NJV/JVtUZuLZkxB98XLadBrgSPq3anNFsL8hnHNyG5g=","DKKcMXd/xU8IftLnJybsRyjbDaU4mhqXUsS+/f7/hnY=","sdw6wmpyk+i4YpH3nHR2t7eUEBiSafpgQzF1co4pGOY=","AruC1A6phfdkKGZdOuqf8uhoZoy6TmvXmmIJE9xGS/c=","mqLNYyby/5xVI6LEZn0ZzaVFR5LSJ9el1VJki/cOwqg=","bR5EuSaJrYJH6KuQjvDTCiQ6fGwGQBKJgVKVm8zi9QY="],"block_size":4096,"path":"pdf-viewer/web/cmaps/UniKS-UTF8-H.bcmap"},{"block_hashes":["nsxs8w3TVLl3jduhY7bMcwKwh86fOdG6c0ctK3XtE8o="],"block_size":4096,"path":"pdf-viewer/web/cmaps/UniKS-UTF8-V.bcmap"},{"block_hashes":["ua0cDAn/FLylL5ooqXZ+uFetDolG5kuhTHOHp+tphmo="],"block_size":4096,"path":"pdf-viewer/web/cmaps/V.bcmap"},{"block_hashes":["VDkjvq0iVzKrowl2aQ7okJWhligne1hj7+zCxyjV178="],"block_size":4096,"path":"pdf-viewer/web/cmaps/WP-Symbol.bcmap"},{"block_hashes":["CtWpE5LKnuZ7gDT7gKQrCjL7Nbb3+AchbIsEtC6u1j0=","HkTMpupj/sYwn33Ix3XhUVYlqdJgoGGTOJKFychidPQ="],"block_size":4096,"path":"pdf-viewer/web/compatibility.js"},{"block_hashes":["lYGu9mi1e9HV54ybpDd52AtaC85xt1SRCoo3ay2p9pQ=","Ez0RZiFd4U1LEXPZfQ04wf1NCIPZCi6jgPptfuaEk8M=","uohl6QwZ+OsFkWE8PsAGzceFee05RJRZaGJpLurbxg0="],"block_size":4096,"path":"pdf-viewer/web/debugger.js"},{"block_hashes":["mmgPEhKIjt59yua/yMr8RHur9M5TEnHI0HJ3sK7a3pY="],"block_size":4096,"path":"pdf-viewer/web/images/annotation-check.svg"},{"block_hashes":["xYs4W0oL5t6CKjJiuBkQc9FzD2QgNovZxtgNtzEjJ/8="],"block_size":4096,"path":"pdf-viewer/web/images/annotation-comment.svg"},{"block_hashes":["dNm7oIFNEvWuJxUYnhdHt+31/22CxMp1uuhtcXMZtus="],"block_size":4096,"path":"pdf-viewer/web/images/annotation-help.svg"},{"block_hashes":["shU+LIjGIXkCnqmHbUYyFlKez1gbd9Uslxos3z0xZsY="],"block_size":4096,"path":"pdf-viewer/web/images/annotation-insert.svg"},{"block_hashes":["V3K43RWLDwK7K+aJu2gPSQPYTiAsspo9wFYK9TE0xro="],"block_size":4096,"path":"pdf-viewer/web/images/annotation-key.svg"},{"block_hashes":["pYPMoSImPZTD7r/v6DyWWhswW5yE5ao8W6EFJ5Qdt9s="],"block_size":4096,"path":"pdf-viewer/web/images/annotation-newparagraph.svg"},{"block_hashes":["djmecNMRg00Rqy1iORGLNoR9eaeNdlWx+DnVHIETBM8="],"block_size":4096,"path":"pdf-viewer/web/images/annotation-noicon.svg"},{"block_hashes":["EadcnyM90+XjUA7c3XMzWDlPKDlTN2FuiwQwaUvw26E="],"block_size":4096,"path":"pdf-viewer/web/images/annotation-note.svg"},{"block_hashes":["77zSps+0WB2tdKHAmtQ88rgkVhHlsZyWYxfalI8ry3w="],"block_size":4096,"path":"pdf-viewer/web/images/annotation-paragraph.svg"},{"block_hashes":["NJrIVCUJF9hm+vlnIfPpx0Aw/g/iOkGyhCfY9Js0TvY="],"block_size":4096,"path":"pdf-viewer/web/images/findbarButton-next-rtl.png"},{"block_hashes":["XsCVGTQEppj4JUmkHZbF3NIt98m797g2SF3HX8CeuL8="],"block_size":4096,"path":"pdf-viewer/web/images/findbarButton-next-rtl@2x.png"},{"block_hashes":["Frlc/IxCRp49DXZq5Y3JOtAY7A2Sg4ZgDuSrtuMR5WQ="],"block_size":4096,"path":"pdf-viewer/web/images/findbarButton-next.png"},{"block_hashes":["Qglnha+Zq3cd8bBm15WB83r3oKjp+5BKr3HF0sE+rkg="],"block_size":4096,"path":"pdf-viewer/web/images/findbarButton-next@2x.png"},{"block_hashes":["Frlc/IxCRp49DXZq5Y3JOtAY7A2Sg4ZgDuSrtuMR5WQ="],"block_size":4096,"path":"pdf-viewer/web/images/findbarButton-previous-rtl.png"},{"block_hashes":["Qglnha+Zq3cd8bBm15WB83r3oKjp+5BKr3HF0sE+rkg="],"block_size":4096,"path":"pdf-viewer/web/images/findbarButton-previous-rtl@2x.png"},{"block_hashes":["NJrIVCUJF9hm+vlnIfPpx0Aw/g/iOkGyhCfY9Js0TvY="],"block_size":4096,"path":"pdf-viewer/web/images/findbarButton-previous.png"},{"block_hashes":["XsCVGTQEppj4JUmkHZbF3NIt98m797g2SF3HX8CeuL8="],"block_size":4096,"path":"pdf-viewer/web/images/findbarButton-previous@2x.png"},{"block_hashes":["E+MnszTRCyskEBBA7srOhqqqLu0D0oL6daBKo76/acE="],"block_size":4096,"path":"pdf-viewer/web/images/grab.cur"},{"block_hashes":["oPuJWI3HtxHA/921+i9oUvZw7x9hWYW7ZbLqRGzOt58="],"block_size":4096,"path":"pdf-viewer/web/images/grabbing.cur"},{"block_hashes":["SDxKA5ZpGZOmQexAnES4t+Haqwrn4rKUTEvFlSC7dlU="],"block_size":4096,"path":"pdf-viewer/web/images/loading-icon.gif"},{"block_hashes":["S+7QOmFqivcqmpUjI09Nu21NTPoVmTzrwcTtv06XE8s=","iuGuOtSvoO0Ogsw4LjVXficSvjrQPHti8WEu62o7f0s="],"block_size":4096,"path":"pdf-viewer/web/images/loading-small.png"},{"block_hashes":["9kLG1yBxU5HTtX+HLxtVSXPsMnYcXPpM7ONj3ig8QEM=","x8GhuLd/NQos+x9TTdUmJ07yxW/H5diJ9Z725gQtt3A=","WQhJUjuP57n6gdkZpHNkehq51muU4sWvQtaqGao0oM4=","8x1nTYPBU5AGOGh0teVm2O/x0oBzz6ZXrWdTlyeUDvs="],"block_size":4096,"path":"pdf-viewer/web/images/loading-small@2x.png"},{"block_hashes":["gjyffKTasHXSJMGE+XuEUZ81X4pzvBnFBKwwWKj+qjU="],"block_size":4096,"path":"pdf-viewer/web/images/secondaryToolbarButton-documentProperties.png"},{"block_hashes":["0U7TngkPOJGRxn2rSIjbbaUWBS3ydnpVrS0SrbcBaN8="],"block_size":4096,"path":"pdf-viewer/web/images/secondaryToolbarButton-documentProperties@2x.png"},{"block_hashes":["WYO/Q81xDJFTt9JsSOeo+RmYXooJA3xyeZAjFPs/Chs="],"block_size":4096,"path":"pdf-viewer/web/images/secondaryToolbarButton-firstPage.png"},{"block_hashes":["Bl9390xwjUKNs3s0LCDljsvvLkeXB4KS7U8DVTlwPic="],"block_size":4096,"path":"pdf-viewer/web/images/secondaryToolbarButton-firstPage@2x.png"},{"block_hashes":["rZUNLj03dAiUV/UrlGG6ec8GNO5aa5P9ddafzRs204U="],"block_size":4096,"path":"pdf-viewer/web/images/secondaryToolbarButton-handTool.png"},{"block_hashes":["vI5GUjRyZe23XNxo2AiOgyf0dtpwCHk8YqY8ZvQBaBk="],"block_size":4096,"path":"pdf-viewer/web/images/secondaryToolbarButton-handTool@2x.png"},{"block_hashes":["ieC+nVugkl2xaWzh+xqF9I+pnhCibrQ/cnsMNSxnVx8="],"block_size":4096,"path":"pdf-viewer/web/images/secondaryToolbarButton-lastPage.png"},{"block_hashes":["qJkW3Yz8ZM3j0uxWEA6waxl6q3YZfS2JeH+D5Ll3AN8="],"block_size":4096,"path":"pdf-viewer/web/images/secondaryToolbarButton-lastPage@2x.png"},{"block_hashes":["gWlkVehbjp3fahIF1DgTl0xsyPb6eUoasoLCx/690J8="],"block_size":4096,"path":"pdf-viewer/web/images/secondaryToolbarButton-rotateCcw.png"},{"block_hashes":["x/QzYREFJH+o8+3x0ms1JNnfzwMSzSJao70ckzEzWCc="],"block_size":4096,"path":"pdf-viewer/web/images/secondaryToolbarButton-rotateCcw@2x.png"},{"block_hashes":["vL5lkIQJV8Uhz+lP4Kk5I9eswijG0z4wvj4xXBwIbLU="],"block_size":4096,"path":"pdf-viewer/web/images/secondaryToolbarButton-rotateCw.png"},{"block_hashes":["E6Q+Wu3V/qwTguYE/vP3fj9i4I0vQiEY1NWkRxWzLAU="],"block_size":4096,"path":"pdf-viewer/web/images/secondaryToolbarButton-rotateCw@2x.png"},{"block_hashes":["qcb7BczZ/qXjquqEkzsYLOyoj8ZhQlRP0EdrOHo59yI="],"block_size":4096,"path":"pdf-viewer/web/images/shadow.png"},{"block_hashes":["2F6dv+KQPhZFfsmzjBAZlFNt8d6Z6Eynv95d7MwjCwY="],"block_size":4096,"path":"pdf-viewer/web/images/texture.png"},{"block_hashes":["CigdkSU139CmYxgtfp215rzZymmarvtInODjE/mQ1mY="],"block_size":4096,"path":"pdf-viewer/web/images/toolbarButton-bookmark.png"},{"block_hashes":["F2656XsAWccgx7EjnIo8rCKesQUQ7zHCRSu9fKoyrJ4="],"block_size":4096,"path":"pdf-viewer/web/images/toolbarButton-bookmark@2x.png"},{"block_hashes":["b0T5ZRfGztdg7eVXFMXn4eJZeDl0/Lp1D1OICpMuzVA="],"block_size":4096,"path":"pdf-viewer/web/images/toolbarButton-download.png"},{"block_hashes":["KExB/p0BwxHfz3eTViuFp7DtVD723ITTLaEcLar9vTU="],"block_size":4096,"path":"pdf-viewer/web/images/toolbarButton-download@2x.png"},{"block_hashes":["Vv37K4Ol7KumGBk9YluCz5P+TvzOlb2Axj5F4vVb2Sc="],"block_size":4096,"path":"pdf-viewer/web/images/toolbarButton-menuArrows.png"},{"block_hashes":["/tJXzT+awFhkRYlf0Lnl02b0ZfiR4vTDUzRqihyPsPo="],"block_size":4096,"path":"pdf-viewer/web/images/toolbarButton-menuArrows@2x.png"},{"block_hashes":["7J3WbDL+2/bV4f0WbgGsE6x1HiRB1/6auN153FyUuCU="],"block_size":4096,"path":"pdf-viewer/web/images/toolbarButton-openFile.png"},{"block_hashes":["Et/vlJKhboIc0nz9TA5rUDwzFWRxsccO3+LiPIEVhxo="],"block_size":4096,"path":"pdf-viewer/web/images/toolbarButton-openFile@2x.png"},{"block_hashes":["dCGuMXyutdE4gzq1b8gx8R9NlxHtc7fNTdiAf1+Kvh4="],"block_size":4096,"path":"pdf-viewer/web/images/toolbarButton-pageDown-rtl.png"},{"block_hashes":["n4ARH4hpphspM4F4acjq3i6CgGiGWh7bX59ZRIUojrc="],"block_size":4096,"path":"pdf-viewer/web/images/toolbarButton-pageDown-rtl@2x.png"},{"block_hashes":["Phqh31i5ujFsAfTmzhCZ4PxWlIg2Qzufs0k53lpeDpg="],"block_size":4096,"path":"pdf-viewer/web/images/toolbarButton-pageDown.png"},{"block_hashes":["LK29Z3t/soHENh3nsBfhQYshz0kWh/FfJJ4dnhZ/TSU="],"block_size":4096,"path":"pdf-viewer/web/images/toolbarButton-pageDown@2x.png"},{"block_hashes":["6xGQFmJeN0C78PKFNUKOkE+N6QOmziMnLRZobSSEJKY="],"block_size":4096,"path":"pdf-viewer/web/images/toolbarButton-pageUp-rtl.png"},{"block_hashes":["9b2QJKRdh+Kx/f2idhoDbhtKze1CekUqDvk5Zjdkawk="],"block_size":4096,"path":"pdf-viewer/web/images/toolbarButton-pageUp-rtl@2x.png"},{"block_hashes":["hyLERFfFH1CQVFMGsyYntpB6zjNOYVu166Jk5666Gxg="],"block_size":4096,"path":"pdf-viewer/web/images/toolbarButton-pageUp.png"},{"block_hashes":["NNkvH6CmiCMAXNjlNm954dDyrEA2lrNVft2kkYC+gvo="],"block_size":4096,"path":"pdf-viewer/web/images/toolbarButton-pageUp@2x.png"},{"block_hashes":["84a/8cfEmGVEpwADvVtrcwFT8HiOTRL/sTcrcJ0kaLk="],"block_size":4096,"path":"pdf-viewer/web/images/toolbarButton-presentationMode.png"},{"block_hashes":["xBMOHHBqoWd3PwujKcimMOwtuY7GdcFYm9R1Uwwg7Mo="],"block_size":4096,"path":"pdf-viewer/web/images/toolbarButton-presentationMode@2x.png"},{"block_hashes":["8JBo0BmBn8qWH28fvgKiZ6gxhuilA4Vykbdck2DGNDM="],"block_size":4096,"path":"pdf-viewer/web/images/toolbarButton-print.png"},{"block_hashes":["veYKU6EBdDbF1tQCnXP1bDQxB0co1rWReOdSZqY4/gM="],"block_size":4096,"path":"pdf-viewer/web/images/toolbarButton-print@2x.png"},{"block_hashes":["CgyHACZZAbk/6wgU0ttyDQ5PC2br+pj3F9HcTijjZkY="],"block_size":4096,"path":"pdf-viewer/web/images/toolbarButton-search.png"},{"block_hashes":["U1yGLBBBt3xioZl/TGGd6nyoXL1+hjk+fklUjMBGV60="],"block_size":4096,"path":"pdf-viewer/web/images/toolbarButton-search@2x.png"},{"block_hashes":["Ha7S0F/iuavfZmktGaJhqhBBOyAnnBGsk5SJIgxwQ+4="],"block_size":4096,"path":"pdf-viewer/web/images/toolbarButton-secondaryToolbarToggle-rtl.png"},{"block_hashes":["+OZw3apoCtijTEGm3r9hPdWLBBXrWosvH6sHeCeGafA="],"block_size":4096,"path":"pdf-viewer/web/images/toolbarButton-secondaryToolbarToggle-rtl@2x.png"},{"block_hashes":["xB3R9n01RyDfB/ZKyqRnFtUKwi4Q7+Fekv5gM96o/2g="],"block_size":4096,"path":"pdf-viewer/web/images/toolbarButton-secondaryToolbarToggle.png"},{"block_hashes":["TrOa7wr3FnGrcHlnY3oQT7lzXY+hMFpz8e2n+I2LVmg="],"block_size":4096,"path":"pdf-viewer/web/images/toolbarButton-secondaryToolbarToggle@2x.png"},{"block_hashes":["L6IZzmKBby1pOUAAdTvn+j0tF+rXUL4U280UI+XWI+4="],"block_size":4096,"path":"pdf-viewer/web/images/toolbarButton-sidebarToggle-rtl.png"},{"block_hashes":["aLLEHvVdz8CDJN+BXACbzcY7WjfUzhPNwZC0sQ6vg5w="],"block_size":4096,"path":"pdf-viewer/web/images/toolbarButton-sidebarToggle-rtl@2x.png"},{"block_hashes":["uXAG3aJfCzkIznYEEIJh/4qx4ZhBGPPawpZCi880saM="],"block_size":4096,"path":"pdf-viewer/web/images/toolbarButton-sidebarToggle.png"},{"block_hashes":["TL6tZfC8JsFm7euEXwiXRtzK1Xd/Dmmi6Ymc2N3NHLQ="],"block_size":4096,"path":"pdf-viewer/web/images/toolbarButton-sidebarToggle@2x.png"},{"block_hashes":["C85YgqW4yqvUU/zJjD0Bf1ZjyEX1CgDcx434VCSLfSA="],"block_size":4096,"path":"pdf-viewer/web/images/toolbarButton-viewAttachments.png"},{"block_hashes":["PEBmJGX5KmaNdkeRg4S5DdSf8Hwmkm9nVUWaN3N3otI="],"block_size":4096,"path":"pdf-viewer/web/images/toolbarButton-viewAttachments@2x.png"},{"block_hashes":["9haJNQJcKnPJDtiKOwJ87WtF+iu1ueG1HJSLq4rBL7Q="],"block_size":4096,"path":"pdf-viewer/web/images/toolbarButton-viewOutline-rtl.png"},{"block_hashes":["MPZypDpjYxlbDjywzYsvfF3S3mPpyZtwBtVe8fbeLyU="],"block_size":4096,"path":"pdf-viewer/web/images/toolbarButton-viewOutline-rtl@2x.png"},{"block_hashes":["9L+OSz3dku2qTz052kNKpVylL0h5ZM/hOSQqKc+1lr8="],"block_size":4096,"path":"pdf-viewer/web/images/toolbarButton-viewOutline.png"},{"block_hashes":["EgtaaZmHsQgyZFlfp2fYQAdHiiaP+OohXz9WTTgbV98="],"block_size":4096,"path":"pdf-viewer/web/images/toolbarButton-viewOutline@2x.png"},{"block_hashes":["MhcPhS5nYcu8+7hxdb/W2E7XOCPe92exp73QWMajAwo="],"block_size":4096,"path":"pdf-viewer/web/images/toolbarButton-viewThumbnail.png"},{"block_hashes":["KGpQ1l7/o6YOP8GZNPvkeWJzbyuPV/SqaGBQGsMlmcU="],"block_size":4096,"path":"pdf-viewer/web/images/toolbarButton-viewThumbnail@2x.png"},{"block_hashes":["HxgSmFe6A5I4cWwS1dq04j4w/3Pj5NIXz3tlvAWPsiw="],"block_size":4096,"path":"pdf-viewer/web/images/toolbarButton-zoomIn.png"},{"block_hashes":["X5LTglosF8XMULsvqD8a6+DUAhFwm3JpAmQgj64kNw0="],"block_size":4096,"path":"pdf-viewer/web/images/toolbarButton-zoomIn@2x.png"},{"block_hashes":["vqUw8axWX+O5W+PUWZUIuZR/pu9QEUvDMhaAI0L/UYc="],"block_size":4096,"path":"pdf-viewer/web/images/toolbarButton-zoomOut.png"},{"block_hashes":["LCQ2rURIVfiBPFx88+Wgu+gEtfZjC9ReDbAYRPf4sAM="],"block_size":4096,"path":"pdf-viewer/web/images/toolbarButton-zoomOut@2x.png"},{"block_hashes":["j4WOHG4hwQoOPYN4wsvGN+VWqdrKGijUc8rkyfCb/v4="],"block_size":4096,"path":"pdf-viewer/web/images/treeitem-collapsed-rtl.png"},{"block_hashes":["P7iuZOLg+lzPzfT8Vawhp5Jvo9KB8ASk3iyMVToDi6g="],"block_size":4096,"path":"pdf-viewer/web/images/treeitem-collapsed-rtl@2x.png"},{"block_hashes":["f1CFWHIZZgI7kT+RmIRdbL8h963JgbasGHbhpYOGAB4="],"block_size":4096,"path":"pdf-viewer/web/images/treeitem-collapsed.png"},{"block_hashes":["fpXXpRJJvFHY/TRtq1cJ8usLYehZ2nsuMvp5n9Ej548="],"block_size":4096,"path":"pdf-viewer/web/images/treeitem-collapsed@2x.png"},{"block_hashes":["bMS6CBFnWbYP3l9y47SnMXGE/ysQ6oEFoqU1oojKrwE="],"block_size":4096,"path":"pdf-viewer/web/images/treeitem-expanded.png"},{"block_hashes":["8NK4BBIwZ0L+DMIzapdihSztZSXGYgCvGDQz8VDQ+Ow="],"block_size":4096,"path":"pdf-viewer/web/images/treeitem-expanded@2x.png"},{"block_hashes":["2SqY/fxsvvj47TLijZpdvIMkp3EJOWuHEUAAYTqlEIU=","VMkAq5zwdFHIXHaacDwuahfHf7jcmXGcNujeQ52QGsc=","51RQvDNDrdk20nBC2NQPEzyLDx3m7gHFHJKH7ZWiOpU="],"block_size":4096,"path":"pdf-viewer/web/l10n.js"},{"block_hashes":["qudCaVoQJtS0gdvajRgwUlpo03zZvthsfshjyjrt0YQ=","9tv6oAHqU8uh9jIpC1KfcvJ++/+iEMX93+nYV8c2Byo="],"block_size":4096,"path":"pdf-viewer/web/locale/ach/viewer.properties"},{"block_hashes":["R7iq8c5H4wmyrOzXxgKZHTjjc56Y0cpaBVdS8QgWGVE=","W9Fnt3KPRDjziCsJyzTo3Qq0jWUzNU2Zz1r3sedyOGI="],"block_size":4096,"path":"pdf-viewer/web/locale/af/viewer.properties"},{"block_hashes":["h5dMCvrxfOa/ZlX/KXJ0c2p0ltpLax3qJZ/4xOi6pME=","cEjmUUulqrXS9pbMPexZOGBDd+BfudUPrDLFK5XUILI="],"block_size":4096,"path":"pdf-viewer/web/locale/ak/viewer.properties"},{"block_hashes":["oVEvdFw+F+WbscCI8qRBw9IPYaAoggjT/BSaeViG94A=","94lTaYyuXykO4FiIb5NZGjp7cac4Mxa3yVjqQ6wQZe4="],"block_size":4096,"path":"pdf-viewer/web/locale/an/viewer.properties"},{"block_hashes":["XdTQsAqEwdk+0DIRLeextPMgOrQ7uxFFtMlKhANojAM=","jDlxqtpdYJ8K/b5dj7Wxt273VfqcWjcL7dFPE79mfHo="],"block_size":4096,"path":"pdf-viewer/web/locale/ar/viewer.properties"},{"block_hashes":["BNMN0vG8DEYd3LGBRJlpUvlLj3sJsJTbQClTZp/pSzk=","oXeuHCXvEqswh9kd7/tICa4THB2ElNuw9RXmyJPaX/s=","aQGEMVZcxNV3/FRwwPMACHo7EmnSr+FgXSn2DvEKd50="],"block_size":4096,"path":"pdf-viewer/web/locale/as/viewer.properties"},{"block_hashes":["iMqc8DpRjnpCQKAkC1+zDyAG/EO6ZpStzAgPJb9Jv5M=","EIeNN1uZaaAjd4KlMJXsPyAeSeuvpVLmJ09Cy/gZzYI="],"block_size":4096,"path":"pdf-viewer/web/locale/ast/viewer.properties"},{"block_hashes":["/k+/SnhC5rbFJ4hZy1c78+Ecawp2GStkt7kpBeoDuRM=","Iof0ToV3lL+OZMyNUI80EI9WE87wPt0vLnx2goUAhhg="],"block_size":4096,"path":"pdf-viewer/web/locale/az/viewer.properties"},{"block_hashes":["cK9jIJAnvYGlCQnA+79GvhlQtUX8cAyy3iRwBTJ2RTc=","w3r427M+uOHdRATfLYpcsnp8y6EL6ROtmqy791M+JyQ="],"block_size":4096,"path":"pdf-viewer/web/locale/be/viewer.properties"},{"block_hashes":["ubxc78BG4L51zc3X6vpiH8RNrSfV+TFIaknQj5smUto=","RCeatRD90VXnyfOGN9nCQYJCYyUE5E/d7SXmoeuE0wI=","GqRHymQNNZkRut/8EkLIF/FB9tZoHc1RkfSj29g8fi8="],"block_size":4096,"path":"pdf-viewer/web/locale/bg/viewer.properties"},{"block_hashes":["BR1iEmygoiGiYVwC4QjKfmaddwXBFCwnnTGyOEvJPzs=","NEjuM1BLBjl4qWvIp8svFfAV2qoiTCwHOm+ArebO/OM=","HkFeHwj0I4gXBAbuK/wyhBSMEUwJfHvkoa5KIIdu0RA="],"block_size":4096,"path":"pdf-viewer/web/locale/bn-BD/viewer.properties"},{"block_hashes":["s6sCnOsdP2EXb2E9ZRQ6g5QcUIp8q4W2EIsC4tN8SMg=","/N6JVKmVoHu+WHJecMoBDCJ/Y6T09RHZM+izZSEEbb4=","5PKwCZd6ieAvnGcvf7BQaAUdCQTWK2jNzyEPB5VlOms="],"block_size":4096,"path":"pdf-viewer/web/locale/bn-IN/viewer.properties"},{"block_hashes":["FREYhZ+Fo3f42SRiF1Poa575Ks9dcc7a07MXVDC/pNc=","cAcoqrtCFEr7CEr/39TNIxHEV6IqECVeoNn0OEgTsLo="],"block_size":4096,"path":"pdf-viewer/web/locale/br/viewer.properties"},{"block_hashes":["76YBn/Jf2Gg+HlSI6wE5ZB8fPaVJQo2N4PNXyYGz9pg=","aLK2hAWwwX/Vg/D1YV7p2XWdIjt2fCDyNP2tfsDERV0="],"block_size":4096,"path":"pdf-viewer/web/locale/bs/viewer.properties"},{"block_hashes":["7zaEAW2q4g/iabSz0zhxl/FAzlBP+iSEUBeNnodETAI=","fcDh+eqIgpdf2MhHOeNF3OeCpLD3fdfjOKEq2oAQa10="],"block_size":4096,"path":"pdf-viewer/web/locale/ca/viewer.properties"},{"block_hashes":["ryye2ccxCXG9q6G4a+cE3Ra99FK9PShxxub4LvZvrZM=","FaDzTH3lGKPHdrBV2ehqVWv7scMllwJeJ3Ky3Ur4q8c="],"block_size":4096,"path":"pdf-viewer/web/locale/cs/viewer.properties"},{"block_hashes":["kY7IXBmnUY8j17N1IWxdYFF6ibxjc5RJUTzTTq2nlFY=","bdjbdfM3XkC9Hq6oyhBV/FOG9XyaHONyFaHfK68NEFM="],"block_size":4096,"path":"pdf-viewer/web/locale/csb/viewer.properties"},{"block_hashes":["7m1P1qHTKFf5ZVri/3BSGTygaiPCwm1yBcCwhCVRlEA=","IHQqJZw1J2VfE88Z3oEJzn6eZGszPNPWFEtTSLkg9y4="],"block_size":4096,"path":"pdf-viewer/web/locale/cy/viewer.properties"},{"block_hashes":["sf0fx1hjggDQnZeEOaA8RHUNZ/ahjpPbGE3EMPhUrUU=","5CyQEUI6C0/9hIU2OFjs0OsrDAyPrCQ3CKHC0Xy2CdA="],"block_size":4096,"path":"pdf-viewer/web/locale/da/viewer.properties"},{"block_hashes":["CjQ9gbU+d/8fnNT3F2Pd7B9XPGlxVY5k3AXqCy21OX4=","5qZutLuBEM6Vju/nXQfEtpgQK80GWJQYDtMUSnevqx8="],"block_size":4096,"path":"pdf-viewer/web/locale/de/viewer.properties"},{"block_hashes":["MEMg1Ahhrrrc3qYOQlIhmhJnKcsCTVGHvD413k40RPU=","Nm4wT9it7q/WfnF8NxUY7tTKb/wOrvcwyyPONW5Q6FM=","DLpQK530D6xO1K0cDGYhJON90PJtOkTcHReDshAfvy4="],"block_size":4096,"path":"pdf-viewer/web/locale/el/viewer.properties"},{"block_hashes":["Hz2ciisokqkopUix3GsBbPLJxqRmcn7SCnNgaMs3krk=","fFXTqvi4DIbLjKiHg6r0y6Hs8qR1hV7fI0Tmsa2gBIg="],"block_size":4096,"path":"pdf-viewer/web/locale/en-GB/viewer.properties"},{"block_hashes":["yJFQ09d666CZqLi/YtUuxnRl1mqkYQjHa4TItXWdTQw=","3u/FJYNhzp7OeKjxEgpuatt3cln35piOub2HQi+/qk0="],"block_size":4096,"path":"pdf-viewer/web/locale/en-US/viewer.properties"},{"block_hashes":["yJFQ09d666CZqLi/YtUuxnRl1mqkYQjHa4TItXWdTQw=","J/OeKXalscaCP/eLNOgVBY2bfkAlR54qXdRYFKqyoMI="],"block_size":4096,"path":"pdf-viewer/web/locale/en-ZA/viewer.properties"},{"block_hashes":["xlxph1OxswuTYQkO2q/AAzHGQAzmxgo3l+6pLNpR3+s=","VIDGFoeIKIUsOcj/55C2qJ/fVXj1l88EQ4jY1qqUOCA="],"block_size":4096,"path":"pdf-viewer/web/locale/eo/viewer.properties"},{"block_hashes":["J+mNZHMCmm4DPhnTbl/0Pnnn08Olvi36z92Y6ad9pEQ=","J7Z0XiuGjx+L5fX1is62yLi7TtZH61cCMFET0KARHMI="],"block_size":4096,"path":"pdf-viewer/web/locale/es-AR/viewer.properties"},{"block_hashes":["oH965U7EfCIp45Op1CqNPXRhW7AIQU/Ffh7rCyPRziY=","pEB2IW+DnL9SWHMMo63zbbzjg3uXnSPatknuus12UX4="],"block_size":4096,"path":"pdf-viewer/web/locale/es-CL/viewer.properties"},{"block_hashes":["PfMbxo8mSh3GQTE/K4ssST/tOwSfFskQLQchkqXLBg8=","C5rg1F3uHd+NtzhgDbZ49QfjXpzIm/3mR6YVjMPDeBM="],"block_size":4096,"path":"pdf-viewer/web/locale/es-ES/viewer.properties"},{"block_hashes":["eWd7UAl2Zp9ytSs25P21Rnelu2TePV0XuOEpjx19w7U=","T2/GHa28EoJn3HiZnb9gP73XTk5ayBOFpwGblnqJjKY="],"block_size":4096,"path":"pdf-viewer/web/locale/es-MX/viewer.properties"},{"block_hashes":["lfouGj+g2WYXLk+JOS+igoUb+kam58iAdK6QxTJxaeI=","c5RfleY0TLFnOYS1vPi3/hTdJSH12/7uUgmB7jie4GE="],"block_size":4096,"path":"pdf-viewer/web/locale/et/viewer.properties"},{"block_hashes":["M2DlNvgQEPhY5e297a6tBDPNoRrgij2udkvt9f9DmB4=","n5whUlIOzNwZRdgUvRek2q9+xy6S9vT1iVc5xZwgbaM="],"block_size":4096,"path":"pdf-viewer/web/locale/eu/viewer.properties"},{"block_hashes":["5PGiI24nSONYrMSu76f+c25qTM3AYUKFQYzaa2CwAJw=","YlPRRMbZmtytBOwHlD5GTeQ92ihCXpJNbNhW5d8q2eM=","aDtuk7jsaH0vlx+lz7nNpe4JjRrKwUrlbMxIWZ31KYc="],"block_size":4096,"path":"pdf-viewer/web/locale/fa/viewer.properties"},{"block_hashes":["R8yDZY3EA4T99ZBzcFTOer0oGDsJNV6WLqaCr+obVwc=","YI6WZ/IOkptxD+E5gjWa5YrEAQqX68nr9MEIGvSk1+U="],"block_size":4096,"path":"pdf-viewer/web/locale/ff/viewer.properties"},{"block_hashes":["DBXP1aKy+tQrd1yDpbvlg10ZE4YCtXNKZjeFMoWDZWY=","ehD7uEgqVa78MKsn+dt0do9fkOj1u8jcZWljpO2dk0M="],"block_size":4096,"path":"pdf-viewer/web/locale/fi/viewer.properties"},{"block_hashes":["ZbN9cpu8CKBKTBlTcSxSepAhnOy3WjHi75DgBRjdYXk=","S9IDGSGPOdRVqu0fLSinWo7HRGqnNLD9HpS13Ju/fak="],"block_size":4096,"path":"pdf-viewer/web/locale/fr/viewer.properties"},{"block_hashes":["LIL9Ah6XYqZSZaMgT7xRW+H0PYNFR/5Nh0PlkUu6WjU=","/XtuvnoBXW4EEr9QYwEe1RvQ7JQnZlrr5fY345CLwfQ="],"block_size":4096,"path":"pdf-viewer/web/locale/fy-NL/viewer.properties"},{"block_hashes":["wkprWI2BlRsxYk0GEtLSgc21f3XoBfduKuErm4r1mvU=","XdevA+tAuRtrTTlyTs+3M0+/wgrVH5+dwo7EGtf5Aig="],"block_size":4096,"path":"pdf-viewer/web/locale/ga-IE/viewer.properties"},{"block_hashes":["1Y9BYB1ku131THMmdd1Do2nGyhu8jh9iVxndVqnEmSU=","wb98UKc3ZG0/wQt5Zd59iGBcgzxPqlCpEgFAiqGpEvI="],"block_size":4096,"path":"pdf-viewer/web/locale/gd/viewer.properties"},{"block_hashes":["WHPYhtEcC50qn6WruRFpoYfxM3e/kbr2zjuqK6rmSkI=","GsK7jeU3LQCBYli/z2ldqZy7+ziwBhLR7pqW/Gwb2Aw="],"block_size":4096,"path":"pdf-viewer/web/locale/gl/viewer.properties"},{"block_hashes":["jtRduAaV5JNuO82+tjD+SJ3yeZjEkkptP+eP5HXk25Q=","AbMrTNG3fvWXJCBUavXcYbxlrg+KtvYJv+q9wVHQvCU=","fCz7a2wkmYBEK0zIJo/LdEpec1OGBEp2O4GAV4pns7I="],"block_size":4096,"path":"pdf-viewer/web/locale/gu-IN/viewer.properties"},{"block_hashes":["RvL4u9A763S6ZeTF2zF8NWjXFPnva/9wTNsRzhuP4Ec=","uSRz6MGV4HVFW01+lZE365SyaeJbd5yIOkNEVFcvhQI="],"block_size":4096,"path":"pdf-viewer/web/locale/he/viewer.properties"},{"block_hashes":["M4R5hUmGetsNsTlFndACNjocWFD7ObLPDnbjOKyaxIc=","+iPuMJAPavoodb/HvEfyZpQJ0+ejPcrn0NmHyDh4CqM=","UYWMLGoZRpNcScWRKIVMqSMQZct7A7fKvUF58C1jOc4="],"block_size":4096,"path":"pdf-viewer/web/locale/hi-IN/viewer.properties"},{"block_hashes":["vKIGuoy+fZWJqnOXKrlS7oNhs9XeT9hBSdS+Rp69EJo=","onAiv3fD70lsUNPJE/xLNWMRDVkUhbiz5YaoDBoqW9I="],"block_size":4096,"path":"pdf-viewer/web/locale/hr/viewer.properties"},{"block_hashes":["ADl5m2j7g0rBCi3DcJvP9kSFw+zggdUWRD5MMYjdrV0=","HFCEkHw0B4ylSQlZb5ptbspiQHpFWs8g+OvD4f+7hCM="],"block_size":4096,"path":"pdf-viewer/web/locale/hu/viewer.properties"},{"block_hashes":["SNOas09n8+tLF5YfoP9KfPo1fg5iI/jgnPvxC3+TGtU=","5FE83BIE1KzixasmAL3H7WzLrew3S3g4On45IgD1UKE=","W5QW6wwopSNw4qBfIC/kdOOq6ixERpG1BFbxpYC+oUk="],"block_size":4096,"path":"pdf-viewer/web/locale/hy-AM/viewer.properties"},{"block_hashes":["uVnQi9MZnxuTZNs/VeJ0kEwj+cHy0mRNayn9YGRkuj0=","h/iOG8yVJF+9PxJ5g27zijTeimVqj3wSHDTCoSZQixw="],"block_size":4096,"path":"pdf-viewer/web/locale/id/viewer.properties"},{"block_hashes":["eIkKdTq9I/TCzbhMu253PEEf6tEeKl7gkFgO56EnCzE=","xgB8bj6qzSzZxsDmTMdqDb7771auQmE+oTAct7BDZnY="],"block_size":4096,"path":"pdf-viewer/web/locale/is/viewer.properties"},{"block_hashes":["Onzk7TNyoYeN2PDjOt0RVS6ikwsoeRsjP5nRflXghMI=","dnZInHIGyFqi82x8c9aZ4pyrPGDYhfrlpPuEgeiGA2k="],"block_size":4096,"path":"pdf-viewer/web/locale/it/viewer.properties"},{"block_hashes":["rhA9/LLiqVIREPHTY9QMEfw3uFpl8JKPvevfNz9egew=","uNCyJEvM49cLrw4laAhiQBPkks42HJHUWwcsT+plHsI="],"block_size":4096,"path":"pdf-viewer/web/locale/ja/viewer.properties"},{"block_hashes":["iWfIb4zMjgatOuWaqTXcNgqQVP+HzmOE+gAFYhn8pUk="],"block_size":4096,"path":"pdf-viewer/web/locale/ka/viewer.properties"},{"block_hashes":["j7tsK8iOdWTWrXsXe9J8Bb8ys5RzVre0wicPswSyXO8=","x5HsNivGAQ7cxKQEUi6QcQxBXhwt9kG4wJQmUiw7Gew=","qaP8JCRb+sduwItSkGvFroKNrbMr8BaAHnRMiM1U2JA="],"block_size":4096,"path":"pdf-viewer/web/locale/kk/viewer.properties"},{"block_hashes":["ZhXOCJK7poYElibd+p0yJO6fO8adhTqY4QVdJQzZr5U=","nNSIIDZB0v0sthQ1cBYazY1wTmVCSUrxxCQZcp045pM=","UGpkW8q0tx08cx0IEeX/x5w1V/hRdnvRIO6S5xsGymQ="],"block_size":4096,"path":"pdf-viewer/web/locale/km/viewer.properties"},{"block_hashes":["xKdhC/jRSu3nQEAIivUa0ze1YVe+ofjRe8UwnCi2JR8=","rByh6FvOTJJtEsT7ENuLszOdscrWKLKK94kiHPGRbTw=","OLvkonJYVmuSIjrgjQKsgen7z29oq7xgNL9y1lOX86Q="],"block_size":4096,"path":"pdf-viewer/web/locale/kn/viewer.properties"},{"block_hashes":["+eqrXcgE3Ppx2UbFi0P5y1iMiofB1WvyFLDvtWb5aEU=","ecX3dMoyzrznhmNgSEYwS9+xPWFublatgh2o6b/Kyg0="],"block_size":4096,"path":"pdf-viewer/web/locale/ko/viewer.properties"},{"block_hashes":["P+E39pAXps4B5FNtR6TVNZZGOsP0Jc8XQ1gLCIeEGqs=","aCJUGMt0udgCD+8xiYJHetw89TecNDQyg19XbK4r118="],"block_size":4096,"path":"pdf-viewer/web/locale/ku/viewer.properties"},{"block_hashes":["/YmhjSc8f/zW6yQo+GAQp/w9g1i3+zj/k47jr/H30a8=","U40qlfSAte/j5Mm7Cgi6cWHP4LxG2L7B9ZO3DUacF4s="],"block_size":4096,"path":"pdf-viewer/web/locale/lg/viewer.properties"},{"block_hashes":["GCV4glbnG2aEe9fN8eLpgsB3LM5hxKgoiSLZ5PD6Q0M=","/CiG7PHdnuXVyDopLhk9D/xCg5fyJ1+6C5OoJAZhbJI="],"block_size":4096,"path":"pdf-viewer/web/locale/lij/viewer.properties"},{"block_hashes":["whghr+vDYGkbNogWQ9CHxWz1Ewx2+Q6fh3J9i2TsEPE=","4GMWo8PckElSf/kqaTtrOAeiO6bCNqAdbaqEEbWeqzY="],"block_size":4096,"path":"pdf-viewer/web/locale/locale.properties"},{"block_hashes":["93JsHX1dE3Bz7dBmn7V7Swkjty28ocNTe6n6y+dHCUs=","8H7gKrCRVlTJEYmWLP88RRySfcDhhnuqfOHVyQnSksA="],"block_size":4096,"path":"pdf-viewer/web/locale/lt/viewer.properties"},{"block_hashes":["B/hwuPl6L3TTHNAUEKMpN0Fnl+hogQ9Gas2I/xHinnc=","hqtyrE6yRebst4OPg22ZubNDJ3lRb/XF+7KMR51JEyo="],"block_size":4096,"path":"pdf-viewer/web/locale/lv/viewer.properties"},{"block_hashes":["PK5AmQwnhZTwPZXRrN/Xb1sZPUZFslHoaiCdWCi/CRo=","haV7MCskBdI3ie5u8eICo3nPA8vafZARL80xbySveN8=","s8OgErkI0ZI26DUr8MX6Gh7VCMoa6lmANMOX4nJ1wBk="],"block_size":4096,"path":"pdf-viewer/web/locale/mai/viewer.properties"},{"block_hashes":["CfTv3tV+8ju7TEEOHgAIILr4LYLB9Jx2BhdFHCSlgew=","eqi/IsmDj+n6hzJWQTfc6dZvk2sKR4ml/QqF3ga2Fgs="],"block_size":4096,"path":"pdf-viewer/web/locale/mk/viewer.properties"},{"block_hashes":["ACv4izpYgvzpuDmBV1dI/CgW5VFbt05h2DLYxM2vyyU=","0v+V03jLiTE1gaMcxBEVvSKKfMY/g2uyjSrnjBNiJTQ=","nEnBrezXuABi9opRODGHJtnjMgHoz3xO8n/6jiIyURI=","SFMOq3W/S2uuz7eYZJiGgeW3UHXwuf0swkfJOBQNXRo="],"block_size":4096,"path":"pdf-viewer/web/locale/ml/viewer.properties"},{"block_hashes":["DPjzGs2+hiVg5E/hFP4I7ou6AJlbhPJ7hxzQ9f5bmpI="],"block_size":4096,"path":"pdf-viewer/web/locale/mn/viewer.properties"},{"block_hashes":["sF/b4ZmnyLEAEHgjONO50adAqW5y2D3pQacs3IeaFxs=","UYBZs5mOCF0q27iyvCeRmFH3JT7Tvk4woWyCgQSUHt0=","aCvWNL9dN4BQWyVVNqnXuZKGkFhpdIWCsZohZQuj9SU="],"block_size":4096,"path":"pdf-viewer/web/locale/mr/viewer.properties"},{"block_hashes":["UAj0nXUFDJN5khIPrplXfpEvcZ8YWOPIG7KMdf00q3I=","Q+8HpShIqcgpFywVuY7uEeSrQxp8GRVvXAoz6sHDTAw="],"block_size":4096,"path":"pdf-viewer/web/locale/ms/viewer.properties"},{"block_hashes":["GcDpWZfLasyZWw8B6hHy7NHaxiqje/3Ft9YtyuLtwDY=","wLVLu4lP1k6560XxsKWxMvNnV4npQWbQstYy8gSjYQ0=","VPVNGJSL1lgsQfUvX2xrSUBe1Uv+QPBln0oZkfakQBI="],"block_size":4096,"path":"pdf-viewer/web/locale/my/viewer.properties"},{"block_hashes":["v/cOoci/w95750JmddPjEtUXSyp+pn4kGValdxn0Hss=","gKMt23QayqyDtR8Rr7TNDxx6VUoT+yr2J7tcCJrf4f4="],"block_size":4096,"path":"pdf-viewer/web/locale/nb-NO/viewer.properties"},{"block_hashes":["uvvIGVbXqyzZPCggjR/ZYiWlREz8eLR5NTmprucfovU=","8GD57bfCIBRAzG/cGzprakMjfx/wlLzwZR3QujS+0zA="],"block_size":4096,"path":"pdf-viewer/web/locale/nl/viewer.properties"},{"block_hashes":["dtlX9NSPlLSB/lvBDCNrpWZrhY7wPgXjKWB3VdJitsE=","ogGMnF0F41CGaqc0w2b7NCPiehSMQRWeKKdxd2qjmoc="],"block_size":4096,"path":"pdf-viewer/web/locale/nn-NO/viewer.properties"},{"block_hashes":["h2nQ268gGXPmx4DMzNTpZ5mhBOX7dpY4Kw3VhILk03c=","tF/CRi6xgJcgXPxhHwZJIZP7LaZLy0zfbTAv11EFer8="],"block_size":4096,"path":"pdf-viewer/web/locale/nso/viewer.properties"},{"block_hashes":["y7zPG/mw2XIGm6N0Nvsk3CGDk1m/U9Re1NRBpdTOCs8=","6K6d1lNoUX1KAtWzse5sjAvb+AS6rNpTyFxFPJzlOP0="],"block_size":4096,"path":"pdf-viewer/web/locale/oc/viewer.properties"},{"block_hashes":["2uFEYMVR8ED9Lf+l13T0aqfaOXBRXEvqqZHsysaOpfU=","Gz2j8jQvOZAT61RrVJYoflkW55BnHW0YlxiURY+bjwo=","h24QY2ibdFW/dxsn92FrGQKbB6RhAEpudHGi081u4vg="],"block_size":4096,"path":"pdf-viewer/web/locale/or/viewer.properties"},{"block_hashes":["M7ponm/2VJcQA8/0+JuTEtl8yloRz4o/FSo0ONpbwvk=","sQs2XF2WHarbVVS6We+p9XRdneXjHaE30WOAFeDauRE=","qeSlGL6AO08OiS14A5AeCgj74uoSw9AMrwt9TqdZ3Qs="],"block_size":4096,"path":"pdf-viewer/web/locale/pa-IN/viewer.properties"},{"block_hashes":["UWtS6hBdgXIKJytmGU8Kjx1P83+kJURPiRHxJ1qRy74=","qKmJiWM7118TbpViEw2UOxUGh5Ly4XaW605mTXNIRsE="],"block_size":4096,"path":"pdf-viewer/web/locale/pl/viewer.properties"},{"block_hashes":["mb4prj73INipwOu8qLk2O47A9/EouHOyoLf7EeAfJG8=","B/Wj4Ro3NjgzG/CPPXZG2AWZIn/PBFl8pRWcsg8G5Zg="],"block_size":4096,"path":"pdf-viewer/web/locale/pt-BR/viewer.properties"},{"block_hashes":["q2HTNP4mpPLjN23UhHegieOTH5g6Iq1TvsSFdUw7hfs=","Z5sLtp7KcDpYBHw1whnw9j17L80wO94ZRtv9MvX+BSQ="],"block_size":4096,"path":"pdf-viewer/web/locale/pt-PT/viewer.properties"},{"block_hashes":["3DfWdsONb2cJ4ibuX5iZCo1ZX4owAiBuPX1+QwLB6rA=","wPk+qR71Af7AYWrLMhVUtE9qQqQVh2hkFjAsZNRJHvs="],"block_size":4096,"path":"pdf-viewer/web/locale/rm/viewer.properties"},{"block_hashes":["Ad1mo4WTsSFGkMrj2CzRaB8bBSO9tj2k7c55CjlMfxE=","yYUtq2PSfJuMg20Jvw5u+pXRLGkERdUEjG1ix/blUrk="],"block_size":4096,"path":"pdf-viewer/web/locale/ro/viewer.properties"},{"block_hashes":["EOEb3APno7k9oXRWV//+9d04ReKLegWReZAk2ixkFc4=","d1AolLMcBTTUTBA/4oM39Mv9WdhvkD4IUDeUmSNhqPA="],"block_size":4096,"path":"pdf-viewer/web/locale/ru/viewer.properties"},{"block_hashes":["W/knl9JPPUlil0SRFkukPXTlmFJGwU9onXpDEn/O61U="],"block_size":4096,"path":"pdf-viewer/web/locale/rw/viewer.properties"},{"block_hashes":["q8FkGSBrbKIi3ejwpE8hTpCjOaU4Z/0wYT3dlBxEeWI=","hUrZBDkBhtpT+ow9SfDVpd4yMoROkDBr29252QjUqFE=","84zQjYVAUYhvM+2pC/RrPdWE0Nhku9TUr0se3TK2nRM="],"block_size":4096,"path":"pdf-viewer/web/locale/sah/viewer.properties"},{"block_hashes":["K4FFdlcwwJcb6WYJlXwhBpTWj2UDPL6/g8Mk2TpazSQ=","DhYgP8JYi5IqlaH/Tsi1AZs5gO0raRATOiUHKXcEKW8=","uG3lzVl+1JwHeVCc2/jGpy8qRZSTqGmyAkV5dLGTP5I="],"block_size":4096,"path":"pdf-viewer/web/locale/si/viewer.properties"},{"block_hashes":["2GZLOj8KITo9TIXKSDXGH8XIdBdwYHH+thn3HOymnm0=","GK0lPd8mz1ScZ3wYav934OfQ4JYRIz0twQiMp3Nob9s="],"block_size":4096,"path":"pdf-viewer/web/locale/sk/viewer.properties"},{"block_hashes":["uZidpUKTGicKKOAsUmMOU4rmZmuG+p0DPR/CgPY2NDs=","JmXopmN6D6eXw3AKcaTZ3uaaxy4orHPxRhEmoqMrkqQ="],"block_size":4096,"path":"pdf-viewer/web/locale/sl/viewer.properties"},{"block_hashes":["278rZ63s7cLcvJ5K7rYAdEH2mBx+vaCunGx9CSxKmFA=","SpRyKMu7LX+sYsgDnmY4MVqAhfij2Yp9UCbvhZOYOV0="],"block_size":4096,"path":"pdf-viewer/web/locale/son/viewer.properties"},{"block_hashes":["K5fv+rCwBa9gch6rIYkulUR53uE+y5wujoZ36suvjd4=","deWpWUmflnTj+LBzA+bz/GaXsVU3PCzA9EA8cb/PM6g="],"block_size":4096,"path":"pdf-viewer/web/locale/sq/viewer.properties"},{"block_hashes":["jYNSpMAipXWcgT+1sHFNIyP0t9raKTc6t7tg4GTd5Zo=","OcYNZUJ7P8uTWEEKRFklQFt+vw6HGCJFKY6swe9PXDk=","kfbBMb5cQmmENNy+R2j2tWF9uxvpkywJVg/Pt4qlf9s="],"block_size":4096,"path":"pdf-viewer/web/locale/sr/viewer.properties"},{"block_hashes":["hg7ImEdWLpxFnTvg2uMfgvfyrttsYoXhP/Vl9OY8CvM=","iGR03ZqMA44JvPWdQ9CVbxujLt17JTYHkC1DyEesyGg="],"block_size":4096,"path":"pdf-viewer/web/locale/sv-SE/viewer.properties"},{"block_hashes":["jr2tFmE1Hm+K5Bax4WY16ua82BzFc7pTDgo7gmPv9/Y=","o8fiAWh7R2JVizuwKHGqs4FD88oICSVZ8bPPfyHP9OQ="],"block_size":4096,"path":"pdf-viewer/web/locale/sw/viewer.properties"},{"block_hashes":["K44qma1p0CRXOBSEc8REFYLYYAmxhU43dy2xzu8Rl1g="],"block_size":4096,"path":"pdf-viewer/web/locale/ta-LK/viewer.properties"},{"block_hashes":["t+mamWlLA54q2B4p7ahaGSnCgK01TUMLf861b1rbyzs=","zXH54EGowOp6joUtmRnWQTX/Y5GQqryuXtYQ21uukBI=","hFLOHUicgMZzf6GJqnJFLNEeLvnXpY/EUdBjLj+khWg="],"block_size":4096,"path":"pdf-viewer/web/locale/ta/viewer.properties"},{"block_hashes":["qaRKDxEQkm6zWeQAxTnXwtgOSxCVdWgvCsEGi4Jc0UI=","ndsst9BjrPvXRoCTcwTGVJOAw2I6y+80GRseGIvGkTc=","m2Il5rPC8zATTLVSsLfE6rgZXIKNC3HrfmLYwVJyJLQ="],"block_size":4096,"path":"pdf-viewer/web/locale/te/viewer.properties"},{"block_hashes":["ZgGOyxGwxF0fOzKkErZVK3aLebt4xsj6aswQgbJrE24=","PZfcOV7OaSDxQaxAEK2JFVVELncF1Ikr5TaOrVT83Yc=","WZO9lURwcQJEx7gpvWpqel+PkK/GANWUsH2NOwgXchw="],"block_size":4096,"path":"pdf-viewer/web/locale/th/viewer.properties"},{"block_hashes":["HEMdE2JXQuN5+gRzpoCn2mUFCKDwJT2JQAfSJgqZpXk="],"block_size":4096,"path":"pdf-viewer/web/locale/tl/viewer.properties"},{"block_hashes":["cPo0PB/V4AvWO5Wth5Mdb2C+lQ6xcWjmdDWrkQF9qok="],"block_size":4096,"path":"pdf-viewer/web/locale/tn/viewer.properties"},{"block_hashes":["/7nc2WgpS6pz0cBrBQgjfmYhC95KSd1e8JNVL1Nisk0=","+jCClozlIdxPkNSgyCR2hP1mkAT066YfxJ35lzezOiA="],"block_size":4096,"path":"pdf-viewer/web/locale/tr/viewer.properties"},{"block_hashes":["gQTfqv3vOqJcOrvwHA+N4aHsXiyeGd1LyD03aKSV3kA=","hvaLBcUQ4vDUDnGljoutF5OM0XgMSUuHySFTjdBETRE=","cS4h8M8YinHP86nIrmNLWqicA8L3cKIyKOKJy2wdhCY="],"block_size":4096,"path":"pdf-viewer/web/locale/uk/viewer.properties"},{"block_hashes":["M3ZUTZe3p7T7qXL3QtNrq39Jrc+Wzun5zyEPMeQJPY0=","UrwspCKQuYZ0P6p543cJDZ2gz5JkUlxouVqkLgOwMJQ="],"block_size":4096,"path":"pdf-viewer/web/locale/ur/viewer.properties"},{"block_hashes":["JBypbk3mCZYN5C+4vSLNzC4ysQRAU6HSQaUT284ULD4=","lgL/G1QGtG9+o+koxtLSGsbpSQzL/958JGwCDFJX/gQ="],"block_size":4096,"path":"pdf-viewer/web/locale/vi/viewer.properties"},{"block_hashes":["+SSV8yGRII3ANh7Lwcn9Uxu29p1Yff4rtZcO0YQYk6c=","g3hDkTlENBDOBAJ2eAWEW/zV/+Rngm/p8GyWqKx6Ofc="],"block_size":4096,"path":"pdf-viewer/web/locale/wo/viewer.properties"},{"block_hashes":["zifZcwnGUztXqS7hs9v8PJ3t/uV8ezLbUwTz9ZVIOvw=","3EyIUcWJhKBn9n1EcIAIifbQk3QhpoYGIlxgBv6RrL8="],"block_size":4096,"path":"pdf-viewer/web/locale/xh/viewer.properties"},{"block_hashes":["pXKij+01R+88os/9QKk1DoK0avAh4JP8kFpMgWawIzY=","a849yhi2KEYVkZmeTpi2F3QuLmD4pKoXNIv4CNPhnDE="],"block_size":4096,"path":"pdf-viewer/web/locale/zh-CN/viewer.properties"},{"block_hashes":["705LTZKlBaNA4inC2/mjvWbDwsFPU5I5jkC6YVprDGw=","ZEFagYE7DySDmEJNh/ZqI3ohBaQG51ocCVybeJAEjAM="],"block_size":4096,"path":"pdf-viewer/web/locale/zh-TW/viewer.properties"},{"block_hashes":["2J0igLUbWNTn68vQyCWN5k+QB9P4BXUFpwt7AubquMI=","yPWao5j+G8DArYzh6h2c5lK43aXsrxZva9LbZvAjO+0="],"block_size":4096,"path":"pdf-viewer/web/locale/zu/viewer.properties"},{"block_hashes":["5sdvd5mD5NClRZNTlprJUkqgBSvxx1z7e6NaS7QWeo0=","2dWPz/2gsbrqnWLc5meA7FzEPGDk91yBeKm4gzlyuLk=","eac47BjpaO8BKCLqqXAwXzZ+pxxOnW95Vs92PTXwgdo=","CuAqQHu13rilsOrR/47Ont9uBPmK3ooEOP0ju5YQTd0=","Ql43zEhDTZEMK4VwDcIzRgdNogxrDa+W6twBvb7lRvk=","xlPkOaAwnIDfmASzEYdUfYMGAocHnAPzQoX5Sb/A2Ks=","No5Pu7naYUCPhAC2oikamRYhdR23OLnc1R26rdBldSI=","7GVyonrtUImAeCRnJRE8eAO27ycyhJmgBMr6JRjUIoA=","aAN2i9G+BIGjFvT70o+Cvr766gFG2bhR0iEHU5HFP2c=","IDrlFUp7CXHSI7g/JhMD6w6GxdJBgNtcOxYAZnCWq2c="],"block_size":4096,"path":"pdf-viewer/web/viewer.css"},{"block_hashes":["OOiGLS6pwSkg8M3eWfykjZ01FdzP6R7E7m0swuoRr+M=","ekzq5L2wYGFnuvhUmlZvR/I7FvngYaJOsWtrWChC+7w=","1XpP0X3AcOwMNFD2eMLyu9NTB7YlRPzcxw+8YKL3M68=","OHbMzZ50SkL3q4+DaK+j9zE5dPsgWQpX1nMmw4V4j84="],"block_size":4096,"path":"pdf-viewer/web/viewer.html"},{"block_hashes":["6xSIC5LxpPdxs0VdpxztVgo4wdzhmS6+6mekzyQ5Uko=","tVb+jYppxNzCWjIKYhLOIxx3RvVYO8abxUsE+MsYiHg=","2N1BpzllDBrjj4gxAOrSm3Ju8ObsmipCQ00hJXjZtgI=","5EZhICwNXNrf3pfTKchOfNczudUmnCCYZzpkn6Cjnak=","gokz6TXC902/TDqB/Kauugah1xKg88FIfQqT19V/Reo=","gmwC186ws6G08v0tCru0zJC6/ECbvuKNOVr8v3bcnR0=","mTQrcV46L75pG97NaLPM2sTnmnRXC0nK/AE5zSO4fKY=","eLQnsH2lIGSIZHwFGLPTti3vNJQfqaMShs778ZotSC8=","vTYODPoQmRO+UNJdBw5Dhlho5yHlwKLLWK1U3w5+IpQ=","beG5e5LAtC52RGyAcVdRSs+u84r1SeZph06JVIUQuF0=","ZsZGFvJatw94OCb0+SkPFKYYMzgmaSfm5RFBsq480Eg=","OefAJ4sPu0aV7Rs5saNbMfbplEW/E+zQfHqoVpyIjiA=","bJ90CRHpo8zDKOfcHQQFFtbGWR1pM3KgRzJ2IgJcJeY=","cc+0rxanFBKrQFdr+k6dhv3MD+aOT7dNnhUEDlQuNps=","SY6W7/DtH7CT9FJkmKPZfc3duGOA3ng0G7ZMKA64fBU=","QXmdx6zSv86SqL73+0J2l3D/WT0yUUpvYNiYIWMM7/A=","PO78DMAzXRfMCQ0O06HBWQ3TC1jr7YawlKjYRMmqMbc=","ZOlKe2pEkKuJQ9yyvfM0cXcup0FJo+HjVhkjcCxwwMI=","5zNa+VavYTzxpEezMplhkaQbI0ZaneRi2GjkTGN4mqA=","PTHWDwXeF6xfGons3ips6n8ia1M88fHWYzL/iPBWmW4=","EQBcdDHr7xRAbM1sxHTaHAivoDdjKTxzBMfse4U+DuU=","QpTfGTGQSzgcRy9WmqYG84R0HVeTlc/bHNnYcDpVxf8=","+8mmUJVitWAkrpqAVh/GjE1mLzul8jowfL304dI/s9I=","wgdOpPexmvh/dO3fTAfLIpTaMLAq7wtf6nP/NIDv894=","NgmEisR4du/r8hQDPJVvw9QQD06W/3rEbAnAgSipkhY=","MJDhpgIHK+XCl7UE7Q7JcVO4aM8GD5d+xJXOiifaoZw=","6X6El3HET4crKxKE3yg8xy++eBJSPMXCnfwNxSQUEV4=","4VYnuRGK0fArlH5nolQ78o9YxkrlN5bdRjNulBFNyAc=","hAx4gqTT8bWNzVfPzRDUOx3WgmAQHnvGeadD3QaLVaQ="],"block_size":4096,"path":"pdf-viewer/web/viewer.js"},{"block_hashes":["7NGyFKmwQ7TAvQxngrTRDCzPqBySOEjvMJDS4THEiIg="],"block_size":4096,"path":"popup/index.html"}],"version":2}