{"file_hashes":[{"block_hashes":["pQrTeuarNqskvew/HIRop6RIAl+iprpQoQWRY4rlMtc=","82MtQYrSwGT6x9iTepbCNfEQq67uISCHMx/fi8J8Vls=","BNB3E1GuDtF2RywJpkjI87ZTyS5qnqZDUasPfXKLmM4=","Td/gAcxnyYwzLZMr9/8xP38szW2gcN2Qq+UGvL86H8s=","IlU6i52kBTBMr54+Bq4x/dtSUJ3/N57jvViCuKnvnqE=","YUwN7Gjibq/8SNtPbZrwhyINWP+W2bRdriJGHkmnB8A=","jGwPUuR+2h6WriaxVtc1JJVbN234Ij/UA1M3Opb3npA=","7pDesoiomdXtDJb3we6t+84mz/LnVYxnFFNnby0NYWM=","JlwRHWQ5IfxOX9t+PC8oxKc8hEMIR9fdOhinkNExJ8s=","ldXusVVaXjqJkkCm4tymiK+fLqNq4dEqyh+83sd0UG8=","FQNKxYqARtYpkyoPOhwoQRHNero+qDFaH7qwSR6K7vI=","el2cIRnQueeciTSYUXbcKdTNCBXeXAUk5wbMODKeb14=","uc5wWIZICEsMFeeLFUGYqRPyO0OCBkhLIH3MMOCohb4="],"block_size":4096,"path":"background/app.js"},{"block_hashes":["a2GJFGA+raNmP2WXOZq9sF0pGNXmBYPNFXUU7olSpjw="],"block_size":4096,"path":"background/index.html"},{"block_hashes":["V0o6iWh/jPr2/jXdbuSQZpJ8vjTjq1USBlvN/SP5VTY=","io1Nm23wtj1Psl3ET3SDVZyIpCQVAzIeSsLZ8TcU7wE=","d6gi1Sk5nm95KKytwLCbcSaT3/JjseE4NrQt5+ok0s0=","l9XLXksVKhseHaasD4Lerdn6PoD1DEZzcgt4O1BVbsI=","g2EJnvQNsZvm2JMQ9TKvZamWzOSb2o+Yy/C2agGqyhI=","99WDD71zobyNM2VUDC8ldzOSY1qAUUXwQnLEOzeXu+E=","1532fc6Tk7cko9Pn/st2NRAVq8em4Oc2Xhwji/rg9Ds="],"block_size":4096,"path":"browser.js"},{"block_hashes":["Yi3ID1HQmOQxZ3/baB89Kt8URX0ZhJlhU31Zq2nf5R0=","pIFQ5IqZnoXg8R1WcFqOeHiAwG+g7Qye66U/Q6WpMkU=","vgRAi/jSS795ACHtQVmgmEH3nS/58UlP8vG93McJnPQ="],"block_size":4096,"path":"common.css"},{"block_hashes":["EIardbe+YcOsrf8ntZ/3HOZ1iMIoLag8o0fMnbGjwQY=","ScKculNi9ae1HbIR55oC5c+FjSEnDakaiDUQKKOjqvw=","cxJKS/u/Fv1kdQRtv7b3UkEObYed87uBuISCaO8adcM=","ixInQGU2U9PqRjXKI5DtZ8f9w2zoM8yCxmz4fie0DIg=","gi6MQE/0/oohn9SIMKdz94e+ql40hOXdXpiwp+YZdbU=","Lir22CyxoEia8eToyXzjQOmYI1PQhLbTMmuPoL+EXpE=","Z5L3BD51ITqHlC59/HXs53qtaN7BBUHFG34TQgiQGa4=","5KWpyTXcwEHUrmh/ornc2KwX+2o71hvJcdN/V4fOd0E=","ECrQ0smKajUhn6LWTHmid0L50SM2s6Y5j75aFTZl5UU=","7O4INVTbWbRgtvCPmrZo/rN6XuD/sN8wyWH8HFwJp9A=","v4Sua8u7fUcACc9yJYBxF/GCyIRqtedMxTCCLTIOgOM=","8rPnKaJe6VE/Y/22zoF56qB/gvIhiiHhf7Nt8OWdu6U=","TqkbTl4RPhLjl0wnLh1zBkKD6PmW3l+lw46U7c/8a/4=","m/PQ67f7EDiBf8+EpzgLsOauGNlQarI2A72WCOH1zqw=","f4OpNwFI0iD9sFctx+yXQ0VSZBl3pBe1YiQv+TXqV08=","8wFwdXWsCALpoI6op2LCM9oV58b5qTA3wgUABPgneqg=","qbHTbUoMMgfwTddJ29HEDNkcFxHSDn5d7sVcAmidW1E=","wIPwBDGdN8jRnczR9b2RG4h4t9A+L0gDoB1Yunazq/I=","gv2SXxP8Qj2c3j/thJwe50DWec9hMTQmKvJAzIkZDt0=","ZwPuY/qCHuou4DHzNKM0eRMICUgsc9btobqldr3c2Gs=","WX3pDolvQbbzCdWpGXPxXW9PvZcluslSxeL8K26Uwho=","yd1SkFXl8gWGKxxFMu0TzK5VFzmVRJKOnVS0XTlw8/4=","OJ4Nfho8KfgVBMvkyQZaX5H+/HPhpgvVtE5a1aYU9Nc=","mSVw1EIBV4fthVieHf3vLAJe9/Zi8BCJ6yj0Va5DYTE=","hdJKuQgWxpU8gsisHx6v6vbiS3x0ixSTM4bIcrxHrPE=","ppYUMVeB25HTES2Kwn6FvYqsuovxfWRj0veHwtFuBgo=","R0sSG5l8syJ6hoouQsQBZXQX4QHWlCxdnxTZSjf39Vw=","mMj7q4R2DMxOnWOMDoKusEj9hBrtJKtU11/WIUOSyhI=","2Obeu/iX4upyAEY3ix2CEWGG8zWhJFXhLWPJMWioKe0=","vF3yW20dU7SDtZTytsvKE3e54+gCl+WeP1nwCo0F8iY=","xkW8mbbSmxIt8UWqhlH5XUJHqdRsOKBLXGBL9MsFsrU=","Wh8aFxIVjKPubyHkPuW6V4ZxWtYRnTGePTMgFgJxQDs=","vJE6OBNvlYK42YIBAENKM0VhVCEPX6Sy4P8Qb9zWiBo=","PCyTR/8p8JE62sMN8dP9e7tHS+eTj0eRLDP9buapj2o=","YqOFBIs7PUF/q5NVLQEx/GjCXlnbj067gXicc3HD8bg=","Syi8GW/OCe8rGBwlglg07FU7viipftwjbrPK/9xP+uw=","zA4EuGr6Jahh8he2WSs1glFsgvbS68rh4E1ON3IGl8U=","3wbm8MsXhYXAjAcUbthDyOZ+Q3yTK39rTqYsBcTO9PE=","485Fo0hBWf43yxnHJJQRiGRn7p5DO8uWXSBLhdeNvwc=","o2oglvJsIu8B/sPHiSHPDXt8B3rUs5gEhLinpLv8ctM=","ScSDVohwB/9yTwabkdJYBwT2GmlqRAr0DHEwDcNVnOk=","CVYf95QcMXocRT4SpnnML91M8jXpJqT9TLGpFENHVW4=","/ceZVHxEqxou1INj0gOAHvv0SgP5tzfiOturfPNbSIc=","4/oxnhfFN3uW5M1uSt0kFCxaYXhZBU1F7bLdJDzORTs=","OiSKtceaiYobOSA/2jnG6xufVtP1goc0wzEz+AfpvQg=","OkDiT42+V7kpctGYhONJzI/Hwxx3Sj/ob5GLzKUPRu4=","trIKYOaHW5nc5q+BDpPmgguSSs2AUN8jSk9Vu6nhhuw=","vHbV2EtkGveK8Lx9sY+OKVXX6Nt79Tr1WRSnpU0XcEw=","qKzkY7z7hQY0G7mUiVMYw989bCEH9/MbfDUCFBiAZsA=","ZkxvpQQkBYj41VeDvjtFKMrGbeCLpEU1AgBvBSX+m3o=","SPERjkxu8ljbLjTsUDfHFZzNtyXQUKhBvFzKILP0n1c=","MyU0eDNohyFvS1FYmknDX1iZ1OfpB5h8EdK6vS7Qc9E=","opHtM0fQd2J+h38ltECKJfQPfgnHVx9ufrf0iCH8IDE=","O32/rbBW64qaJm3BprtqzuHH8OLRY0OVNaKa5jAKRYg=","05NrpGHPOgG5fR55PxvS5Dyaefk6wIceWoLEeS0HicE=","zzlfam57F62I2VA6fg1QXVEcyB884/nQKKqjbilXWo8=","cK/yS1V2ybID6CcBelDWc0W9H9+Sq9wm3DuUXMEoEQM=","VeJz0/O3BrM5GA971cSC3eNOMsow4Z4BuEJxxFh68D0=","ToMUc0/uOl/HqqRZhoibdqXoP7ZSiPCOTyYiOlpRUdU=","wQk3g4zM+MTcxjtzXSec+y6VVZ1Lj5IbQ4KHUx6FGJU=","mjETvNyRfluUJlCvOjOjNGYoL3clZDrJM6rqWmcQ05w=","G8hHYNhXVkb1d/ue3XNrLN0r1Yopa2moxLDviQ+Mtow=","ejEm+yNJCYZsGsvaS9gT7KIsmrYofoT9lDCRTtjg1DE=","EFPcUcrRhqmTdoT4UChQHBhcxrO+7ATZQKMdfPqUuM4=","sQjeQpktv5wigGoJNx4OwA8crOZOqqNHpBzwA8JKJc0=","D8Lw22SrQcHr138yzxZIYP7gECm9SG8Cl9AdN7PToIA=","b7FfEsWUoc/CWx2REhDhcgJVcLj211NYcj+RLHQCA3A=","sO+hi7nRscI3+XV57d8IjFtMeEwibsRyF8wBKjmrZzY=","omLi2pFmCl05DBYHbvjmebX4IbJm9uBaJR6YC3M1Qts=","Vh+sZhgQv+XPSFJxbPhB5maBBG4psGaNYezV4P1l6bw=","dMEVbnzXsO2UyykYpI2Mmsh7P1LdAYF33MWWdtO0tH0=","RbTqz3XnjmCC2t4XrHzZJodp6ANuVBeAJxCeRdqmHtQ=","zjM+p9igm/FhKZ+BovQaXkquVU6xnFQxlldMLYKyDGE=","LmEIQ56fg/1LpWrtmZEhKpVDdh0iMqVw3d8of8SPoQ8=","Evo1XmaifbSnYkWg1RE5oRVIz0OYOV3SvnSIXQ0xLlc=","1zl3SGWr754s7d11cDho+0ennSZ/MCv73O7kFOlFA20=","y+j/MiksvrN2N72ym2os0Mjp5TZ+sEi0MPZmoEQNzbU=","Mv6tFjJVahaEIvcTDtl+cx129tei6XQ/CDcS/iaVu0E=","P42b35H0GY4mHiwU++DzgeRqi607hI2nbj9u1BV49Eo=","it2U+FNq9wjcaTzKXBirS8lqkTNNbCdaErIm3/nJa0I=","+06yoOv5jgzyRyeaePGmCh+wPO8uVSdafTUD4M1odVI=","8Hzt0mgybqva3VqN3KG9VP8Da0jZkCD+UQmwxiy/IbU=","6Oa1lKpRlV2900fljKJac/CbgeUj0HVuHVC7H79YqFs=","paSShdvKqt5fHGJh5ahlc6Hwp1/cQ0ebNAJc6SLqS44=","5qpLkjHraAA5Zm9lZZS6dcT1jj6UfCjJ4c191tgY+ak=","4Je5f61ifDfI7x2JI29LjkRB0DAYFjqVKt0ZtjTpJe8=","TZ4fRt51GAFK8hdiLf0QQhwjbfGwo1T5gGHPeRHaNXI=","GD0yllbagxwpWIgwPKaNr7gPSnTp3L0oDCvI7IucOYQ=","RDaWJ+niMmbr5QOYp/d/i9bLysMeVpMte1kALxZ8m84=","FiaYMtOawxyxSGTdBhb0pW2eM29Z9dk9xuMuFasNLP0=","gb8jDDUv5OOfTgh7/RlWkUXJmxIUhnerFBktt6iLGUQ=","vaD6DdXjv1kAIwMYp4huaCoQb2TpJX7tzf/1yZ7S6Fs=","XtrUULrZr/5n1F7iWQeXx6cDp7dJTSSb/uiGpT+bWvY=","CE6r0UzENPfPgxZMleMCtrIGLSk9EWEh3p4tQnQPVdE=","RToDB96CQF2HUuiFi3+4iTIm+9TSbmccxVSLu7OxH1M=","rfWYI0EeXPA/BFCdI6DkXuv/NGbxAUrlWSMDdCbT708=","djJg50u+4gNBkR0fKEuo6K+iDBc7GLgaC47Q2M+vsCw=","WxyaZP0UrJgDfno/dEZEqItg3atOcX8lWtySBOTq2GA=","kI5kolW4m61M1Ze6Ll9vP0H0yi15jyhrFkVPm/ckiFY=","LBU8ksmrmoqpBTE4QQsaslV4+RKD/ypQhsbinMQGiLE=","aSvdAZBLcHEUqkFtX887N3Yq71QwvNHBwDDj/74gx9Q=","xeA8MW1hMMeOsyabX2NLaqE9mfWeGoq9mKlQq4M11vI=","zTIi8oPCO2Mq2G6M24YiMDay4gpFPnUJFQWERRhRNbc=","08+MUKsF4HsaVq5G3eiLZFnRdGxZCjbmVRFC3cRtXKU=","4rLc61rvGQkjNvyasqIOn7RsxB6LVHZO8khe3Wy5fWk=","pqIKE9YRa7T8TDkyk4td21Z1deEads44jGFZ4pGzBSA=","/8DN0YerKO2J5si2CVeM2wBdasgnq37OVMGMbaH/Luo=","mRFajzwVuMej/i7AGmz0+42qoccq579rT5ru7Jmc8EE=","kcFWT/ptzHtmTMZwYnn/5vKw5FIEzfQPB0xBk/QTo1w="],"block_size":4096,"path":"common.js"},{"block_hashes":["lPMfqboQl2cITNeoMFN8AQvtUysPfzdHpd5GuDsNZLQ="],"block_size":4096,"path":"confirm/app.css"},{"block_hashes":["N1yjytlx22yd5lsVwyH9x30OBYNipP9e9w6ytUAIN4w=","X4AyIeULn7ifzXHmuNvmxwZYTeUpaGiSTg203utSG+I="],"block_size":4096,"path":"confirm/app.js"},{"block_hashes":["Rh3lbnOqT4Wak1Mg24ntakY9R9EF5yhHXfbAyYfPvFY="],"block_size":4096,"path":"confirm/index.html"},{"block_hashes":["aA19fX/orrr0E0uWY4WQN7uVqjiZKjEcAGwDc9dUVEw=","EjswF9C/NNtr7Cab3QYrTU8qUw1G8SeS69iL8ry4OqY=","yasXtOWLihValdZzwn/MgLnhc+Hp7pFS1bSMw+qpA4w=","cXQ6uas6MyHrjebLh3pCODBwKUO0vDpzzYzhm7O0qXU=","2NcWOUXuu/c34USPwPcaC0RRSavh0eOlS1hVtVuan8E=","EzDQX2QMN3pnU0klbSwqItAZ3wcbXwgJtGjuNPjxoOM=","khnSlgGmObMy01GQI0hW8KlkunpLyRyxmQqS31FJhz0="],"block_size":4096,"path":"injected-web.js"},{"block_hashes":["pdsT0BznP4Xt0LRfYmQxSEYVLCDJT9RfYZofsEf9yrA=","do/JuHE0uFq3yudIPYuinGNNkFslUE6z2acL1vQ2k5k=","P0XJIxN6CAQc1p1z5+86OH6AURpYgE0eFFeRmn608K0="],"block_size":4096,"path":"injected.js"},{"block_hashes":["qc1uKhHQwdAgiYldejfnRv/vYA1ejWQG9ZNscM6R3tQ=","jbX1qb0wC3aGTwCoctR2vIlkQBTCRn/To4gxzHRlJGU="],"block_size":4096,"path":"options/app.css"},{"block_hashes":["5LtXRtuHHx5yO5bJ+4pkv7fXeL8gLf94zHYAdJjIYAs=","ou+LNV9ApeIx0RJz7q7znSvfREgRou4LqpWu7u1mdOE=","ifKDnUl10y44yUhko5p1QDj9mB60Vk8MHOOP838Jv58=","TFE3wBoOTclzgiq7qaDsHfzOhtHElsdMsi1BTUIdCN8=","TN1GldoawEJU+hCtIeeehOZD+Abn7TGOoVuK7mkfSFw=","GXMaLvYp7Cltwt46RbFFhDCcclQVZHBBkLx9oq1P8aU=","WdC2QNFV9cnab09MMBLUTH4GXmePO84TXiy0npdRaKM=","x6UQCVnipYRW7cDbtMMJFcthSCrFgG4mmKpSpXojb84=","j25Vv0zXCKWEgEr0vGJo/iwnp2pi3uwjRmyFngXG5FY=","gSJ8L2NJviF0eAHgTH4WqinaCFoXWneZ1nUWh/HvfZg=","eouF3pg4RP2mmk5wlLPSO+3caQfPC3IG3dkJDL9km6c=","UTQ7y1/T7urYwVgFI83DKsJC1ga8naRIIQcNuKc66us=","FfkTsuHaKTkW5UA327pkcE04scgK1INokVQ3PSJTjRc="],"block_size":4096,"path":"options/app.js"},{"block_hashes":["PUx5OpsXUtCsduUK4qDrBblMyOyUzfDinsUt3DBpZ/w="],"block_size":4096,"path":"options/index.html"},{"block_hashes":["ZKZc9WgtObDWnQeCVCbXttHPiUaQ+HWRGo3dIDdMaBY="],"block_size":4096,"path":"popup/app.css"},{"block_hashes":["Qb0+nMEYZuAddLg6/CcRgNPSYWDhy3EuRTFaqKaUjdU=","rYa5rPdJ0sQSTdP/+GPZ2dgKMGEd0x2FO2jpYn0rAW4="],"block_size":4096,"path":"popup/app.js"},{"block_hashes":["buRkzKgh/RpjxZ4ENHbAnckTCQ/Kr1r5QHPxSr8BK9I="],"block_size":4096,"path":"popup/index.html"},{"block_hashes":["GS2uM/TkR9YmoQSo0xQZ/BM4ZKpkN+vQAyrAhBgfSdA="],"block_size":4096,"path":"public/images/icon19w.png"},{"block_hashes":["4f+Vm4YiZ9YR+Sxa79fZPav+gtC8uFWB5z8C3qPGBvw="],"block_size":4096,"path":"public/images/icon32.png"},{"block_hashes":["TtDcXj/k48Cx/yifdfMZ6RgSexlWQ4IlBtddfZs+lQk="],"block_size":4096,"path":"public/images/icon38w.png"},{"block_hashes":["uPvFaE8m73AGj4d1a+byrt43ipEL7yj7QlLHLEm+bbw=","jI0Yd4sAuZgUo7aqvdxs/lY34AETauGHXvM00AYOa6s=","46iWFxktnt9fNHwgEdzMlnIdQ0k8/JeZBNA3nUUgxBw=","Cw6hGUft/PyLnFapodoNpumt98oH0408OWOBu2RrHeI=","g936PlQcTSD7ykjHU7ioQR94gLNUHC7dcZRHfB2G7A4="],"block_size":4096,"path":"public/lib/zip.js/deflate.js"},{"block_hashes":["vJC9NXqE1JAubu3hHi85ySq7GhC6wFb3P58gdKRBNN4=","3aKu0QfkFf2vXUJWNeXaFW1ualvoTayy4z2pIqXjW8Y=","pbTpVjeMfktloiVlXCr7VGxQo0dnQ8xTbIdL4wS8yAk=","Z9NURbqFM2PQsIahk0wMbhbz3jgGoSyqG+1OR5iTDZc=","cg9QHoKVSodWkCIftflTDsElAEbHHe/AWCyoWfA7NpM=","k4HToN9tn1fdeOynBLpbW3iXguvhpo31+ZJdGqlDzkM="],"block_size":4096,"path":"public/lib/zip.js/inflate.js"},{"block_hashes":["sATuMDGf5NNeQh0t36hO7TK3BUXbitvxEDbYTDx9tbw="],"block_size":4096,"path":"public/lib/zip.js/z-worker.js"},{"block_hashes":["QkZ5wQiLmF6M/Vwj7RfUwaaO59saZgOy5AHYHwxsz5s=","rb1upOhWOiawqyw6jwqvkJTwi2FDlo8por/8hRpvJ4U=","eAwq5O9MBbSPVgXDo8ifeBxKraKimo0OwaRswiRgFD8="],"block_size":4096,"path":"public/lib/zip.js/zip.js"}],"version":2}