{"file_hashes":[{"block_hashes":["qLwsAWu977vpw5QPWwElCr6C+mEMUpTMqDNd2RUyvt4="],"block_size":4096,"path":"background.html"},{"block_hashes":["gPgG6qlmP29+M23oSFBMUV6uttv35B0tTqHuYSiqlKo="],"block_size":4096,"path":"css/chrome.css"},{"block_hashes":["Q+dqhVK/h6tqN5pSHa97f8yBjbahxqZj3PwG2oA9yjU=","zhlSD6zBNzKbiKgwrDtkvDQI9x6XNbfZLZjTMFMRmhA=","nb3TFmbZJbGYjqGR5oRBp7I3OZ8EH9sMU25IM+90d9A="],"block_size":4096,"path":"css/chrome2.css"},{"block_hashes":["2ZSoQPrsvB5Ub+1hCPG3+7KwBiXUFk83SLhr8DEVHpQ="],"block_size":4096,"path":"css/event.css"},{"block_hashes":["lVNV1GQCI1OaJKsPR0jSjeiMuxjYNIbYS6BZ9RRuT2o=","CJzyCANgqupcaOTQ74D6wignxdBN6MjgZ2SzTWeCiCU=","NtbpOV9PTqPAtcUO2fBUN0ko27FsETqYH0MVyaB8KLQ="],"block_size":4096,"path":"css/options.css"},{"block_hashes":["LVbVB5nNtYseDW83x01NZdYhrWWYzdtXz51eMaBOvBE="],"block_size":4096,"path":"html/notifi.html"},{"block_hashes":["XkDji9xcw0HONcgitNkU0quKSbdIRx6rj6iJHcdF2Iw=","hVZPHvzeBaoGokHE2ljqy94s/kVTZghohJ8XdkiXFq8=","gh6RH3q7irSj3GZUXoQUycLOUx0wm57UzSll9mAARbU="],"block_size":4096,"path":"icond.png"},{"block_hashes":["Hl22hLhGC8D4Zt3Fs8WSyzl0udJDziNueELoUFWxZXY="],"block_size":4096,"path":"image/cog_font_awesome.svg"},{"block_hashes":["EMiM9Ne53StT+NFTChCakeqfllYjvcYE5S5adwVdH/Q="],"block_size":4096,"path":"image/d.png"},{"block_hashes":["mUUg8Qv9KhaFRWbxJOskGiB4bVg7oOpJXjgtFgq5FZg="],"block_size":4096,"path":"image/gou.png"},{"block_hashes":["rTAa4KZdZd844ojKba14KVmD0fftDJv2Vs5i58YB8SY="],"block_size":4096,"path":"image/group.svg"},{"block_hashes":["jWN4jmCjRUsN0be+AVer+wvLnls+ooyo+oYNodJlVGA="],"block_size":4096,"path":"image/icon-close.png"},{"block_hashes":["Fobb77uQMWnLSoA2riYmy8SgnQJrZKQRLVaWM47HGrs=","3baUIyP/WZ1ozR93C0ZT467yabdpb/hEDEj0w959sF8="],"block_size":4096,"path":"image/icon-close_g.png"},{"block_hashes":["W6cKJMwg5ayEuXv1/hz9ybati2viaojrEB0jqLvlcyo="],"block_size":4096,"path":"image/l.png"},{"block_hashes":["2v9LpMp3duKTJf3zZQjYp+mbklyLdFTdH5KM9uuXK84="],"block_size":4096,"path":"image/popupGestures/down-right-up.svg"},{"block_hashes":["1pqclSBoboeCBzFwaBpodAgT4CIzF12e76qg24hZqgU="],"block_size":4096,"path":"image/popupGestures/down-right.svg"},{"block_hashes":["8ncHu0MiMrikYfEJxXMk/sixjQsaHABCmSKWz4kMKL4="],"block_size":4096,"path":"image/popupGestures/down.svg"},{"block_hashes":["0GV1N9nBSEA5+zNGyJhI8FE6NMWyQZTp1YVpFLRRJZo="],"block_size":4096,"path":"image/popupGestures/left-up.svg"},{"block_hashes":["5O4Kzd8mI/34CMkGJJgZ2w5y4ASwA4vTL3wDriTe4GE="],"block_size":4096,"path":"image/popupGestures/left.svg"},{"block_hashes":["G6QTsiyX0R1k70H4+0rOn93tcq/oZZHq0F8YJzbS+fo="],"block_size":4096,"path":"image/popupGestures/right-down-left-up.svg"},{"block_hashes":["Csufo4rSiD5k09m50/GTNH+U/Gt50IUsNoEUlXqVsss="],"block_size":4096,"path":"image/popupGestures/right-down.svg"},{"block_hashes":["lBHi5IUZ6A/2Ov3OOTssNGqfLo3qEM5tX5dnVI6xz34="],"block_size":4096,"path":"image/popupGestures/right-up.svg"},{"block_hashes":["o/V4TgxFengBTHBFZ18xPmvOsnAS/I4s4O9QcxLPjtU="],"block_size":4096,"path":"image/popupGestures/right.svg"},{"block_hashes":["dco/xySIYbvU9ptL+mjs8TEye2/jhxlh/wzBGKW4A/I="],"block_size":4096,"path":"image/popupGestures/up-down-up.svg"},{"block_hashes":["OihWVR/eNXhsVsUJ9QJHSEZ8v5RgwAKy5+ct/JWghX8="],"block_size":4096,"path":"image/popupGestures/up-down.svg"},{"block_hashes":["9nQ7eJT2Jc7ewVKu645jx4QimcH69djaxnYu+66J7wQ="],"block_size":4096,"path":"image/popupGestures/up-left.svg"},{"block_hashes":["waTTjHw45cjcTtGPQJawet1p4qwItLZ1eSsA10u+bjM="],"block_size":4096,"path":"image/popupGestures/up-right-down.svg"},{"block_hashes":["wHnon1zFUYte/+Jg4EBdGycFVjzApKFRkVs+40Ta/jo="],"block_size":4096,"path":"image/popupGestures/up-right.svg"},{"block_hashes":["frTWDP18E8K+ZyYsAlSrBwSt7TBvSFEq3lQuLDC+mQo="],"block_size":4096,"path":"image/popupGestures/up.svg"},{"block_hashes":["iLiTm5/CiO4vfXWr4h3WXRuInOgowq8jfIP8J9kYJUM="],"block_size":4096,"path":"image/r.png"},{"block_hashes":["1NTxVjD27hUkWO9whOZ+iw8N03z1d2Yb005g4RDI94w="],"block_size":4096,"path":"image/star.png"},{"block_hashes":["tBHzBlGKf7pOiTsjwUZtbCfZEfKlMKy2AVY2fNtk2aE="],"block_size":4096,"path":"image/u.png"},{"block_hashes":["pA0QZ0z5CFw4JPU8lx/39D2jpkmy8dbW1zydeRsCAmE="],"block_size":4096,"path":"image/xiala.png"},{"block_hashes":["1PGSr79Aza3ddPVgoCqjsVhrHWqilmhT/RV6Ucxr9vQ="],"block_size":4096,"path":"image/xialadis.png"},{"block_hashes":["YB07U6EHOxcxugw78M8JVlkevP35KDQXk7cH5nrU+lc=","rtn9JbpBHiumkABZEpyUsPJ2MhYeR8rQIuOUz49rOxA="],"block_size":4096,"path":"js/analytics.js"},{"block_hashes":["J88EKTfKLzX25qWWKNFOY0E9UtOqEUkcIjWmAXX5HCg=","KN6ZnIGxa8YvNZG2WegFmQ6pXBPanp0USi3KZ6rrN/s=","Tvp2Bw2yfk7jCmZZO4cVulZshifGlxAhfvjbbPjWH9w=","aqHMnJZdw0PbO6pFY5hYrsoFihFmxa8kVUQb2E1e5ug=","X0bQVhkqMs3GtTY7XUTaYbGL184e49E8J4RNqKRHvkA=","oAQx6kA0TbcVsA2S41G0bVDqajB35DV1NIKnTQKOc6M=","9mYufT0sdECjxQKT6YW6gbSe59zGTMzQkkAaAhOUVnU=","z6Im/w0Ki/sk++tln0Y8xGY8jMSKGbh+rY7CU415I0I=","/BMECzMbeGY+0Ai2h+8CievIQ58B0vEmh2VTH4QYd5I=","p9OLhA+C8Miy/oB3zg2IiLhy/PBf59pDyw80S7b7QoQ=","AimYU7dnqRHjuPgTqbJ8BSysTzer/lsZlzL+pvxr14s=","afYcfAPFRHdpQ1nxvY/FT4SYQCCz5XtK18TuFWeimzI=","/2MdUAxGb02A+N3h7MJ6srdsQiMOY4q0/BHWx4iKOZM=","n6Lb9mUsxAhEMeaVfH7epP3yBRA6LPQN0xb55ondZlQ=","9/BtAYA0xInmxye4nj7PYhJm/nHjwU3fI66nbEAGNXI=","4ZlI10/rQFSuegAgXY0HgvMJJq0pu6Hq3gHks6qwPu8=","9HXa1rTwiJFEYoqArIl5djQehjukJkZ+cm0+f/Zn2OM=","xelP5DcluA53Ph2+WcCH/JqPDZQz8RE1vnDjdCX/7a4=","DIJVbALywPQtVNo7giBdsrBSrDqpFjrBBS9HxDtfpRE="],"block_size":4096,"path":"js/background.js"},{"block_hashes":["n9fDshaauG2+/Hl68EWFiacEqesKcMZwW8UsmOriTZ0="],"block_size":4096,"path":"js/browserUtils.js"},{"block_hashes":["I0168U+wGVq+uW0T7z5dSLfk28EP/Nt5w4eHtTjd6Ro=","3VfTlEfpH4D9x9zMS3IOW6o7cGI+agodPnPhxFMpmYg=","Hpi7NiC0ZbWveZLrv8D5q54qjwMHLQ0YeGqCPJhy5xE=","KeiKYzRrG6uulu+GY+buaNbxK44+cXl17HTyGK4tZkU=","Ufo5uR9qZ10fRdnJsWu4LbWXiVFUkacxQP4QJHuauPc=","584/wrTVubMPmxJA88y/pCirVDeJ619iswUlSyh20A8=","/Be1U6F6DTfw917kVD5o5Vx11w6g7TvY18UVrPdlohA="],"block_size":4096,"path":"js/color.js"},{"block_hashes":["MhBWPfHC1/qTx6WrRV+RX2a4tZgoboLA+ToX/DEttrQ=","We+vjhS920BbnRWlHTw+zYJ50IIOKPBHEwabNLg2moU=","oMwrMmx1nowkKQ0Lyukdibv2SInihcwK3ePgIRCMBlA=","UTnL6/ZEvZmzj0CRpJQ+kh87WSk0hdLdU2XZngSROQw=","anaasnbJNDV1zkK/T8k85pk194DH7RZeY7Hf+HrAkAk=","4qCzek+TKL2jF3w1fpQltMWhoDCX305RXI0KjqfhJmw=","nXamtiLcSZvmiNLsB9JU6zW/wTlYOgXpWNlR2aR8ChA=","NStiN6CJEbNidShNelvGJ0eKZCX1BrLTcTRn1R5zZMg=","TldR8Z6tzJx1CQrfh3bUYLEOldCgHG9JsuR++2vfo8Q=","hC8JIODGNRBxtncJhRh/cz+UK81pvo9rgjwlXNlrcgA=","ua5z0xJlwJgPHxnNly+64oX/DdUlrrv2I+fGVAlf3TY=","OO3Opy8TdHicvgypJTVcr8bSSnghykVQ3li9aHbWATs=","ll8MkyQSXXzi4070qF7GM6Mmc6i4QeTttwYHDzG7WvU=","KeodiX/1P4+32PPzX0UFIkqHLpP3wPhkNlHP7dX/Yn8=","D5bHTLtK1F65lfvO4Foxly3PDNobnNg8j3PUlfgxMDA=","FZVxwMlBXlWzWMd1mTaT3uQ6dFNJdfkPSL1WC3pksiA=","+rrmPwM5BS1K+45mmVzFNvabl4WITAAeJRj3+CZPxAc=","BOltw6ON19AkQSBmCsdcXiWAwQ7h439Yu28/jsTZd3o=","3TpU15koF8EQzx+xB4rfYTVHggYRrPkahDFSTP7nhAs=","oIWFxXBWa6wq+gypG/nobQ6YrQAS24vapHJnaXdiiQk=","UYxg5VUTgaA2YUcGCj8Fkf1hwqhkn2HVXDhC5KhbLSg="],"block_size":4096,"path":"js/event.js"},{"block_hashes":["DIeLxAPgp66NWZ4LsaKjYIl21O4uQZa0PLDi5YS+/qo="],"block_size":4096,"path":"js/frame.js"},{"block_hashes":["LjNMavQbdyVjaRpr1O/i65mgJgVn4FlZ8rI35bj8MbY=","I7jBCqMPY8+plJkUHaMS4ViqMIIsjbTJfC5Bq0RBgIw=","u472L0KkhQzw97n3DLlpYKjz5LonDVS6fJ43q8FQEMs=","V/f9jziW71OTLhjlMEhyuDb/VYS+rrYtFRl+eARiGxs=","KS562xXfxz1CNI2qbPfBQ2gf8Cu1DyfxrTg2rj1D5WM=","axRMXs0nMZcIeFZoKkmoFAPqyE42HCCw/G+SYfGj6zg=","2JLxh9x/yIZ3/BYCvdwPrN2rnXg349WgAJPnDjN1nOg=","NBPfhsNwCgu9utP5JMQL10IBKufDqQEu3mVFwBIDgLg=","DpSEyhIhhmg/xmmxqjzln1ULqs90Ziz/RPhMujI9HxY=","zX6bCwPehMLAbJV+FH/Hopk/V8me9/JVYQQtb0UzR1M=","UrROmXNDvmNqt/N5PbjdSAwLe/e4XNXXS9KOvuq+8mM=","/47PMUqMcLq3/E0wUU6z30ETDxe9ZpcK58kT4r95Q1A=","DaPIOvGSjy0yo0vyO91Ch/VBzpX4WthewUGF1igNrIw=","gbp0qQ2Hi6106+HaSCydilPs2pZ8YFuWLKT7XpPVrs4=","5Ezx20Xp3YqGo9Ejg9eYg1dMFBeZBXGmGYJXUKkd9HY=","hmPjxHxBzDP/IDfqrjG0JTfElZ/cP4u8fis2B8B4Jpo=","NaA64kwySBaIV3eShQ9AT0WztFJcj4acyabSZa+rTG4=","l9OSrTfCy7tqo7v4Wf5RvulAquIK3JN/m7Bq5XyA0I0=","Gw/RxhhE35pD6z+9Rir3EzZqlBG5E4nFyGrt+0/8DJ0=","l+wcDDnqIB3yPB69wntZNfEUMptEcQ7TYRg6ZHx2ARw=","0tIm6uR0kjEl1xEGCntlCL5Xj4q2fj5YpD2v0jsOTsM="],"block_size":4096,"path":"js/jquery-2.1.4.min.js"},{"block_hashes":["SUFlMVGVg+WX3Mw4VtovoJO15zm6+f2kQrcEcwnn9Rw="],"block_size":4096,"path":"js/jquery.base64.js"},{"block_hashes":["8EQW3J7AqO5bqiS7rjRyir0DfgEjbNn0qqBTa4A02n4="],"block_size":4096,"path":"js/notifi.js"},{"block_hashes":["MIglROeJaiw/DaTZNMJI9Sk0YzJhxgWcC4nB3VTbMHo="],"block_size":4096,"path":"js/optionPlus.js"},{"block_hashes":["qnLe430V1un0qE2/59fD7mIGAlHupdC75fy+NSM/CU8=","X9BeESeQW2kt3+CsgT7NNV+FMzRIiR6KdspgMv4MjuA=","Cu0zZBm27kPyL+40b0THpfhp2n0Gowli4KZwz2nFhaA=","Kigi9g5Lk5EtfzEHoblni58AhZ1IoVDiAjkcPvJq7Xw=","JM9j7AmkFO4rH+DsdHkksp/pe7VclJPDxGD2MWAOB3A=","vzezhv/b2v3nF2UZrAhI5rIW+Dwk7FIHhNI0H3TTPd4=","u+xOwVJYkT/kKgyWao9n6DPwScuinsA1Cmn1aZDb470=","BIfqTjhxOFWUPIKUR23UzBYl6dtIDKKHLMp/+Iz6JXo=","mkHC3tnpkYtbbSGWCyY0ctzjnAyEGUDJ/4941xvc1WU=","rt0O8ubzSskaXQ8wXTXJtYX4mc+X/gIT8d78HXiCgZI=","rwz3GtKI4jVoB1m7TMgAxWmgnS1L6gI8EaLFfeFK0kY=","LEPQp3P+Wu0BPeHvB41oyTp81NGZ8Dh3JUoRyAqoVTs=","XluHJwoR8BqUd1lHJNjopgK7U+2of4kiN+94BZHiwqc=","VQOwKyUPVUIg4A8IRVbPc/1vgLGj8hjdRkEiv01X9Yw=","/8pf5EK9DG1tRt1Cp0cYfQeHOa6XvbTSosCqeFF4CYs=","JO5FBozcc2tQsP/tgI3/i+AWp66iX2r0EUwfe69tyAw="],"block_size":4096,"path":"js/options.js"},{"block_hashes":["gMNp+Leqo2aGB5gheWkoLhckzws6EKpENFfBerBIFKM="],"block_size":4096,"path":"js/optline.js"},{"block_hashes":["DliKprtbrRLtwJy8GurKmdC8a6FlpGFI/d+KRm27c5o=","gCz99mSAhAJsAIQYUGTzS162jSDKnSReFULSzcU+GZI=","4cH4ip1Sq927o5TulKyS/FgyNPVoIQ9L53StleG2AYs=","l8o0h3CU2a+R1o2NPEDU07N1Ko1shOSixSFIqNlJEWA="],"block_size":4096,"path":"js/topGestures.js"},{"block_hashes":["9xb3381Jwo8Nr3ZtlUZZa9bMztk7GkzesRnID9q0xsY=","CfXbqlBfTlA1jAKsdrYiGEMxmjCQlEUg1ggIG0YUJm0=","52+feExFjfyNGZBM1g0qnRF2VMnpeESt3DAXlJ6d+MI=","70peLEAB0SqE1LmQjuuOPKTNBz9oHb/wDgJ2gkts4AM=","oGxsNcmVExfHRQ8saNottLiUC1AyA/JDJg0RRHFrRM8=","VV2xa6mFih4yCkrqcG4j6Pn4+J/fmSYL+hHlh+tr1Pw=","heEbC/WNGyntFnq6eHrEeNUlj/GAs442wBWPAPo6D3A=","l+RbFkb+B99Qe1wiuC5PfdUyQEhpwZQWFT7bPkLSj6I=","HJCfSpku5esi7rhWdBi+HUbsJrOuO3Z6fQSR75MPMXA=","yc74K/LoOebaPS8bvnNNd6nYBS1+4IyZjEJtRcuA/Qs=","rvWdAXJIDVGfqV17ETEwJPINazgFartUzF1NSGEWn+E="],"block_size":4096,"path":"js/uaparser.js"},{"block_hashes":["weGkIlK3ehOWRdSMrNf/3bWdYotY5HAK+UYsSdl4CaY=","8yK63FobmAYLHGv5ddfLhKAyGZQZ+2GgSKk1m4a7H+g=","XkXcPzD5M35wDcbn/kyDBqzkTh6pazX7kG82a8x/GLc="],"block_size":4096,"path":"js/update.js"},{"block_hashes":["I5jnqeWYZ8P15/q5+HM2xpBIscaP+81YPDstABn1Z8s=","agsiBSXiBLaxtm9hZj2CZK8+Fum1Mi3THLcZSAA1v0w=","wK+/pC3f0QAMYRGMN8WJ05j5RhsQ18fOEpVZP2N4uMY=","Qspz3d/lXvQv4oHN1wXZ0QdKRilRDkiE161C+fRQ7lc=","ofBoRDw90rq1wet7xhe5ktVvqUTPSJJIAQvpNRndHzc="],"block_size":4096,"path":"js/xx.js"},{"block_hashes":["ykt/87SrsZRJR6A3nlFxbcfnsMt/bUPFv34rhji1ng0="],"block_size":4096,"path":"model/colorpicker/css/colorpicker.css"},{"block_hashes":["t+K2zSZuqgm6CKqKg7saYtB07aojbwTlWK/QWHNU39Q="],"block_size":4096,"path":"model/colorpicker/css/layout.css"},{"block_hashes":["L1YbAqSTduNnms1ZdeN5Cr3/Cey636HhhYx7om4//O8="],"block_size":4096,"path":"model/colorpicker/images/blank.gif"},{"block_hashes":["HsTjm8BgqoioHqcckXWhTCRwfQy9Xq5qghBuMi4dQlk=","RFmSKDKo9Ilm/Ggo5ALuftJuT1z60kjE3oyWJnSvn4Y="],"block_size":4096,"path":"model/colorpicker/images/colorpicker_background.png"},{"block_hashes":["qHCQcfdx0OXLL4Fsxq/QxeUqJhai8oI1H+ydTyeJUKY="],"block_size":4096,"path":"model/colorpicker/images/colorpicker_background_bak.png"},{"block_hashes":["AqlHGZD6gJ6sc5GNLqr2nJdrAlyGCB7XA76lLmYcl+w="],"block_size":4096,"path":"model/colorpicker/images/colorpicker_hex.png"},{"block_hashes":["+DsEpz7W1ZkDheeTyOjoSdkFTitcUdSHztg8atHwzXE="],"block_size":4096,"path":"model/colorpicker/images/colorpicker_hsb_b.png"},{"block_hashes":["/Bwhm0m9a2t0l+tDlYNcM89Q2Z5FdP5P9c3BZk6Xyl8="],"block_size":4096,"path":"model/colorpicker/images/colorpicker_hsb_h.png"},{"block_hashes":["vYy4ZxPtmW5AltzkorjO9Q5sxuT8d2Cc8GO27q10+YI="],"block_size":4096,"path":"model/colorpicker/images/colorpicker_hsb_s.png"},{"block_hashes":["6CfSwB2A3SYwnCK4Eq7JKZcNX9iCJmjqbYxtp5RneXM="],"block_size":4096,"path":"model/colorpicker/images/colorpicker_indic.gif"},{"block_hashes":["Ix/GMejsIpwnP0jUN46NAAFjpW7YuiSj2NPG8mvPDUw=","RFHNhAV0ulkGiAs2mjbkdESnwg5uAgEd9i5avDV2ncU=","2duFTjaCnwvWTY/1X4QFiJuCotY5JfhFqvv2FkCngy4="],"block_size":4096,"path":"model/colorpicker/images/colorpicker_overlay.png"},{"block_hashes":["+DsEpz7W1ZkDheeTyOjoSdkFTitcUdSHztg8atHwzXE="],"block_size":4096,"path":"model/colorpicker/images/colorpicker_rgb_b.png"},{"block_hashes":["Ja6G4Zc7pjBjSMVb3C2JW4AYtE4H+TSxgVJD/+kZUAw="],"block_size":4096,"path":"model/colorpicker/images/colorpicker_rgb_g.png"},{"block_hashes":["N5W0CHH6R17iWeWED7DOt/CBTDXLbIyxG5qmv6Paocc="],"block_size":4096,"path":"model/colorpicker/images/colorpicker_rgb_r.png"},{"block_hashes":["xiTHsxxvAAf48wLYREXBTsyQfbrErGaaq1S7EjEie0A="],"block_size":4096,"path":"model/colorpicker/images/colorpicker_select.gif"},{"block_hashes":["KqYD1zaiWxd1ZL3Eu0oTt1oYFZXI4X643LaNt4KU2/w="],"block_size":4096,"path":"model/colorpicker/images/colorpicker_submit.png"},{"block_hashes":["myrzES2aP024Gz9BgNLqELpVHTaXxLth+XiIiYX9H3k="],"block_size":4096,"path":"model/colorpicker/images/custom_background.png"},{"block_hashes":["SgRW3HCQPlVB7qfSf9ofr5SJIxxVQX7VPoErKAVOMv0="],"block_size":4096,"path":"model/colorpicker/images/custom_hex.png"},{"block_hashes":["S8YgorAh/5r7SaXXtDL7+eBjWbQO2B+MVQaqRFnraKA="],"block_size":4096,"path":"model/colorpicker/images/custom_hsb_b.png"},{"block_hashes":["WvV1mFnnJX4X5M4+5IS/M8Z6PVaJwMuz4rto2tmGTyA="],"block_size":4096,"path":"model/colorpicker/images/custom_hsb_h.png"},{"block_hashes":["lyG6OmwEUKd0DR6A7j8n0BWyRwp1Mbs+oafKV/aj2VQ="],"block_size":4096,"path":"model/colorpicker/images/custom_hsb_s.png"},{"block_hashes":["hV8lJAyNO2Ds3ydurqiRozJe1k2agKjHfB6C4d1Aj+o="],"block_size":4096,"path":"model/colorpicker/images/custom_indic.gif"},{"block_hashes":["+w2TZuoYAmmZCzx4/KqTno0Q/cra8w3+oeBabbnCuRA="],"block_size":4096,"path":"model/colorpicker/images/custom_rgb_b.png"},{"block_hashes":["6+bkiNxR8Buam8J497duxP3pmOghvzgoK8wCWlvx/QA="],"block_size":4096,"path":"model/colorpicker/images/custom_rgb_g.png"},{"block_hashes":["Iw5ReITkjhHVHWo2VzNxaspSjTKhuNJFFPTVHzW+B1s="],"block_size":4096,"path":"model/colorpicker/images/custom_rgb_r.png"},{"block_hashes":["RTT5OV/r0noIdrQ+2OT4s4DyUCyuQP+0VHgfb9he7UY="],"block_size":4096,"path":"model/colorpicker/images/custom_submit.png"},{"block_hashes":["wS73qiX70lzFKlv1KRtMl7ktpTO/i5YV+es26m3KleU="],"block_size":4096,"path":"model/colorpicker/images/select.png"},{"block_hashes":["4zc3u0leiee6+YENy9px7OTIvp4XqOOEitrFyxHG4hE="],"block_size":4096,"path":"model/colorpicker/images/select2.png"},{"block_hashes":["C2G9xLZGKhFkToqfky/Ak+RggGj4SVGIcfoC9GSJwNA="],"block_size":4096,"path":"model/colorpicker/images/slider.png"},{"block_hashes":["hBg261R3NttEmVGE8tyVT8cTl+wrR1C3wJ2AVSZmVyM=","PRv3TriSXJT4XXlOhF1dCQYzUBg/JcKzhmzc/FDQzLA=","k6z6tsi/IvhuRPQQ+EukJ0r6oEfWt5I1r/4zAS9VaJw=","zDrV/ezvnJTYCK6SkwkdMjl0JDZ9v8yOtRLwQVC9I90=","mDLb9Bv2LTpaIiGSw8OaxCatBC2qRuohCQZQEIRUU34="],"block_size":4096,"path":"model/colorpicker/js/colorpicker.js"},{"block_hashes":["3uXHcta3CuvReAVR3/3SbCi1BTqm2+rvPnK8b6xddj8="],"block_size":4096,"path":"model/colorpicker/js/eye.js"},{"block_hashes":["l7F0q4gHRyfBA7Wa859BF3zjBHFuyQmYu8G5ggEzb2g="],"block_size":4096,"path":"model/colorpicker/js/layout.js"},{"block_hashes":["iWYWRBhRcdYW8beComewtLBcaXev4bzPZihuzGvsy0E=","9xj2Bpc7sP+8jSN2IuldzgBGjHfDH7pLiI+2ZMvoPVg="],"block_size":4096,"path":"model/colorpicker/js/utils.js"},{"block_hashes":["0u6k06Hh6cfKr1jQGeF0bp9rcJ3MH6q6VCRapNE4Ozg=","WlkpZKDzexHNhlycPqNGz+9JR1atdNuBJvthsK/ZjIE=","I8iOlGwEVMofiu+MS0c440DJ1lXAy5+2dz+9+g5tUVQ=","j2tQxBepEYgOi105WjGnBDc95EtFTB+izo6NIzNb0Lc=","VouMDMAGx+ZnBdNNb102c6gJFdZYTrPrZ6PFcIE6E5Q=","H2dhIMHeJYmACaI9MNWvR8udYUEacXCnL3vuLWmA6F0=","kxQRIgFO4SZDpj8vfTpAMhnrNDHshNvwOkva71gzzjs=","KrlKEi8ePfOzKLWCo+Zvgu6boAbwyK3opVRPRESsdC8="],"block_size":4096,"path":"model/jscolor.min.js"},{"block_hashes":["CW65NryTAcHG+oZxXrMGvsGxaNxb62m1PNSoG5y2oaM="],"block_size":4096,"path":"model/jscolor/arrow.gif"},{"block_hashes":["An2cZxHDLQygLotcKDFxW2aSPw9qDEVGoBWzBWWLE9A="],"block_size":4096,"path":"model/jscolor/cross.gif"},{"block_hashes":["Zgc2jihaK9U64WMswo/sv3GEBnFoI9LmmAK54KHZ1+g="],"block_size":4096,"path":"model/jscolor/hs.png"},{"block_hashes":["OINFcBPbm/3s29euZwwkvfoXGEOn/pSrBIQIat70yPI="],"block_size":4096,"path":"model/jscolor/hv.png"},{"block_hashes":["FStm5vKaY9CphGNOXaOcvLdCQC0x9PBkQSiK0PpKDA0=","tgdSngNtBq5ZWthdrmdCw7gVvYZaZXdfb1NsnUp7vuQ=","cV9cX4K0b/nStknxmKQGuYHZlkCcLjEKzKsKmJM77W4=","uEVoLE5/GK/rI2SCSWq1NrDv4q3qqsTM82cQiLxcViY=","ddO4Y9xnQKFKz3KPIHR5Jj4f2O3veBzEc7FUgPVXZ34=","6usIIPT/UnwGImbSqA0ytCv3OsIaPDQwhUK6Ort28Jk=","MkNo7W4tdPSinyxllzQjJa2KyTHBV4rpWQ2MYGFjmMU="],"block_size":4096,"path":"model/jscolor/jscolor.js"},{"block_hashes":["ovA4hwx8+4/sho1iCQrBU0ZnOZvpEmi6clxH+ZkZ+s4=","+LuP/uouoRIFwJ9QrvMt7x62d7QPOzTIs9vWsEi8Nbk=","tpcTjn/umrZBBph2qAJSJGJX/xhZOTbAthmQi1VJsnQ=","7Nv0Xic4JYFd+J9HhqxIhtsOPo69lA4aEDrRb9w9OtQ=","BJZuiLN/SIZx2haBYDHDBd7fbGNqfQV/FuPQCXqTNL0=","3uTnGM20Qy+xnUrh0ntA1pdW4WZooEwOxBBvIIOTpV4=","7OvF07+B9bKykLv7OgjZilYkCSQp2J4I3/mEn9KXZxA=","1O/uqfNeCOtKxNrLwrA5WyS/RwFI6kI7dceoudYlipY=","0w3gK3eVeRukYOYh+g7aMs6PpYOuG7OVJOuvdi0xiH4="],"block_size":4096,"path":"options.html"},{"block_hashes":["9gArR2zKz6aYryjhdFz83o7dVLMyWZSRzGozwEEXLlo="],"block_size":4096,"path":"popup/popup.css"},{"block_hashes":["NOqqQZKmX+IQY3H5qnjQyZuPJdm9fYhOfmRcZDH0oDI="],"block_size":4096,"path":"popup/popup.html"},{"block_hashes":["Wbfl0WPL41VcR+BUhtgfHIWH2YNJvRjJr30pb1wzDGA="],"block_size":4096,"path":"popup/popup.js"}],"version":2}