{"file_hashes":[{"block_hashes":["P3ZBaZLroAkCoMtoyuef8Bs+FyKYuf48h0Az0KlDqwQ="],"block_size":4096,"path":"background.js"},{"block_hashes":["qOqlHkzCuZ91FpavFTaaDeslteDpw+4+gP6uByCztJM=","xRbA02XISfwRhfIfTXbPZLtIooWv0Uu7RSj8+Zb0YgU=","L2oV/pKGh1hduBZIBLDgUIHTsJQJzQAqeV2tKFFXFII=","Cy2gWWLxf72ODf8Y9+C+lWt800hCtXIBDm4LgPkn/GM=","Ugc0bdUhSRqo5wXfVvolxVnfT66+KDZo/UZt3ZZCRGc=","94X+/ccO9LlvTJ8N0v/yXDGQQuB+KxlGcol6Loqbb5I=","l3/rEsKM+i/7b/0euvAwRn3piApbe3Jpy67COz+6Wx0=","UJSoTFnqX8lTQsEh1y6305DWaUJBd5Mt9QPCpMsD8pk=","3JexeJOeBlMqYOMJxoah+r3nzWu5n0sYkS17CGeG3W8=","t6fEXkgED6Qu2oANoUSL4BT80lZZOf4qWBPVtgvVKOo=","OqEVDK6OqtSG2jQ/6xGAHvr1/fRprPUCf33uQSwahmY=","fBIB1YUKXVzCDqlmPiX3TbA5D+aIc019l0Aihi3kpWU=","mlquNU5yhhCx/j4D7tSHN3RdjKJ8x8oNIRnCyxbEoqs=","e2NQAOcFioBETu+cgMBUD+m9AIM2BwaGIEt2bgwefE0="],"block_size":4096,"path":"file-icons.css"},{"block_hashes":["A0tGedIUerFfq90721C+dakUIA7TaE06CNT/540cEGM=","lcM74/xxjFx+uXKflusxsFtZlOfS9o65l72hfVSpzcs=","7qmogVQmvR0RI3P1ANG5MlxtONaU4XbJmlXFnaklanU=","mIjZqdAKlPidZzviW+bfb1Xgd8zaKLF/e0YVJV/LL/k=","21/14jLtitotQSzxPQ2sjO3Nbv3SSkIU+f3bfyCeBbE=","6lEqoArkcg7TlSqiROrkM+W26Bi4z2FDbPhbC2yY/lw=","Coa1tvA1Zi1tAzNx6/K8a189jwmc/5p07vHsUSEPI7Q=","vIiC4i70eNiLTxSXrTpXBixBamv8US8az246p4cvtg8=","tuW6U7eupq6w4idOdhY3hlbVkBM//i72GO37uhDfibY=","h+/yN8mqaudYo7K6i6yu5EBIhjmgKKTA3V/bbL7HjyE=","WRzjk3oKl0QMUGCkCrbXlQKocJna5MbA4A8n1jdKWhg=","qhEEGQLOyzO/ORGm5+eXqYpc1reqmV1TDUrQDqpYwjs=","ffoPbSD/uK6bFJO9VTgm1QY2bb3Q+PvAxY2K2aSvAws=","gSutr4c9n8cM4L13R24GOpDJ+p1tCq42TIuE+dtJHbY=","fI9JlK7tDUf5S4ZADOMFYGXR0LOrAMs0mApfwXN40Q4=","bD952G5gBB1GT3v9JIsMbR6mTA0pTZIE4DweJoTFHlc=","Ec+0r+OfgadIPOQdOqEyKDHfGoGOaRR7KlIKIDgN+N4=","wlXUr9x/E0gFzNFhVKbW4nM6zxmMi1FP7E75J09XzoU=","aFAMfBCCvsU73XqqDoL7NydwBW8WmFWICAydc5Qs1oE=","IqJhtOtJQTtHc+PPv3Nobliit4CcuBXfRf47fwyZMxQ=","0aQ3cV115lNJk6786NoWO4sQnwsaq4DgqW982DeSp7o=","5n2c5q/VLiWduk2AZSR+SEnT/1x07i3vnrSLQh1u1CM=","ZsXE4uRR/XDqAGC+IOw8EGyHKo0GuObAOdOVgp/Eg4c=","8tv9blTEoWjZ8/W9kR6HktGripywF6mDG9FPpdqkQXc=","ZMQ6RKT49857lLfVAdnuBvPqJckGkwqwj8nP3MYhK1I="],"block_size":4096,"path":"file-icons.js"},{"block_hashes":["8vq/DZz+Rnh0gOVha2wS9JAVXw7TqOhbxIw7Ui7fp60=","7KFJwFuyBSgiu4Y9RxE9FnEF9vK/z9pvNKt2ybcXPkY=","o57qK689KuI6OL5EeflYFrizEYWn07KwVYB8c+2qgls=","estubjVize/nAjzn6gaP53Rq1edwvQM9rBp3ZO4yRxM=","172WnWMEhcA6FRSs/s41hu0G/xu5CFaJSno6d8IqGZM=","4YlOvUZY7ikhlxRldhpEgXKjdCR7Xn7UjHGAQUVB3fA=","PesMcfupKP4gvCJVjWmqEKmJKIySXb1dyGH740F4XCo=","7OThbZ8exFeDnYxKF9B/q8Et14LGuEDIQy0L4UzqNW0=","6i8E8WV2Ef+iEep9DLI0tAdGq5WNE4sHM5JAfQSydx0=","XR1S0tI0vVONuywFfey5IbibU/Bnx95l6Lzz66xkhS8=","8z9VmPBV5LhLyyo9YjMx9Q0Uv7UEUHw6ZV3dTOq4/D0=","XUoRUQRhQ+H0f8ANJgdQSND84Tp7SBTzrTHNS8afiO0=","RD5V4cOPfXEm3eW3Bg+3QBxxAJixVWjd3B7fCTUwxlE="],"block_size":4096,"path":"fonts/devopicons.woff2"},{"block_hashes":["6LjqN6snjra9IfWd1Qse/R1LW6mhOO8O+Frj5bZUhmQ=","r6LyVMJzEwh3bPZzKgjZWM1pfnx+n7u89YkP1VxF1r8=","RUUufNj3k7aIfqMh73HD3D/dk3brSGZuagIWrYLBLts=","AG4lLaMH93X2jCX4BINSflsVdofTVOia/kW1bfaPO+g=","TmH0jUclHT8kDvDNOir1aacN1IJmVEHiNF+fMn3Ez4U=","eeTz5IkDtMdPLL6kkurEL4NyUz27JvJaJsYpmE06hG8=","NcyU6TRn/vM7lTIOdv0UxVdl2kfM7EGIuKf67ePWKmY=","SdUqY1bMP+Z8bFPvNwbP52rQUYkhNa9XByuu45ux0nQ=","XGuV70+AZxFXwAMhRuX2uT8AEQCDI0YWKCs8yArb45s=","Jr5Qbqn5CISwfex/Sm7xa3v/DKH20uNkjZeKBCnhfmo=","cI3Qd0H4qV5dHRLzBGLqErT5E2FgirgQVepnKYOoZUs=","SaI/Mdli3dxwFBCQrCtjZOeIOSq58sId7FyCahA+5Xs=","ESrwuVZ02naEMcQ5gSRswvszxuv2kKRu1aMp7xAol28=","Eo2P4aF81uonl7VpEmoX9fkOh3pwrh7qzv5FViEZ390=","eXmBnDE9o2GR5wP09AzYJgsZLF4o3olJQMrjKouLrWM=","z+WoMxGUDnFXeycj7ywU1i2mYGL2BeVOgnLYKhbKy0w=","JSb5AzR6pfNJaYeBH/+SUe8Kg2n2DsMwVbCW1yCTdYE=","uW7Fw3Hw9NjxVwn7E0H2zLJQ71ZFNUmB7pw0IvWiHwE=","E1W+FDpo/j7K0ZzcnrzemDZAOIEr2+p+XEz9ABJF36w=","mdVmwqiSKSsasKd/JroQhz1bfx3EuxC0XZz1VOCneQc=","sI0w0CP37WkvS73FWGCTDexF9JCadCueqI+FMl7SISk=","c4XpJIJ3GOuvIzwowfI04LsfOTUoc5p3xH8gcy/yIH0=","SGJ4ax58yNG2CDiXz09exETh6ONrCuLjFARDYAzh0Js="],"block_size":4096,"path":"fonts/file-icons.woff2"},{"block_hashes":["1bzzS7/57IPZuivdJJgcZBu5FzHgxWqd91sfzdNdvqA=","905NYkhRCrdB6+Ou2eslidPyVBHLbYp4logf6klZl3A=","vmedNkcjT0K6POluu2jV6Hx5z2Qm45HTL6/eBqRbZVs=","ikpjj422/17tcxcs0c7fODz3r1BBecCH9sQNX2lmHtw=","E0x5cpBd1GCV4xf6h54ucOKRM79OxA9LDrkiH8F175c=","5unr3imlzybPhhjp5vymw6yEOe7fHcIIRkGmDdVV3SQ=","fu2ZQJxXJaOzBqX2PgG4uKGxVrcaguKeTnXlXNIM308=","QRqeUZfvbfWXAyx4xyhuYUQ1+TwxIZWIiszpDyMzPSQ=","CSJtMJcrBjR3vmIF7qsSeobez6nVA4vDxi48eDhBKkA=","1TSMB2vc6ypXmvtdBWOCm6Jnw4iL8RVr9C7JawH+A/Y=","mVZ3E0uj51ROLuMY/2zUYS2+GXoBH9Qy9n1U5RA8xGM=","J7j1vLV5q3ueo2OsjzOlSy72PSEsQRFznVU84z865Is=","4zO4+mgrQU/TQ9UfNpRqmAeZI21gq+fZcOaKwzyfKnw=","2vYQK2gAS4RGU9rKwDNEwWeEzm5pZ7tmOzTlnM9/Css=","Eh4vuWoieddZpwBLgKbL8iNE6s7cHtWUL2gxyoVSRd0=","KMA2uFvpq/4RcZqHlzjF7WNlyOL4/fWcJzFp7Yc/qPA=","xHsAgQsPLrcK+KqMUgOd+tovfRKptf5abC63NrF+LN4=","L8UkA1HhTQHCVcnJaKhOOtY+TDtsSo9oCPi/Am7XB+8=","FZiyLf7bloiMt49OMHw8XK7PjcSeE+iN4My7p2T3+84="],"block_size":4096,"path":"fonts/fontawesome.woff2"},{"block_hashes":["+Xo99brPj8B0/q9zJ9cV+RWp4wVPe/18Upy2u83DgpQ=","nVg53Ni88eHlXcPBXMlpN2ss0LU1u6y4ImANs70aHtA=","AG0s4YTUiM3JNev50oKk4LrhY+ZiZftzaLcok+OFrKk=","TjleUtpeTwqtcgm44OZxzxNWsDqCDjLNHAeqdf1JGxA=","mcRL0hKbj39RZJNCSY32BAWUbgKGrquWEaLNqjBYNm8=","b9tUY3BM9wqOLpGJopYrVLbe4Uw3bPKKm7d1u0SMdkc="],"block_size":4096,"path":"fonts/mfixx.woff2"},{"block_hashes":["RjS0zqAMUzcPY/DOOczxMmiRbqiq/QC6G8GzRPCoAG4=","KpFi8NDP10TLv4k9hRPQ8qIR7xL5oWxpOM6BTrSBK4g=","cVJ3te2EHEJeSuvWKP86mdlH0ta1iue+wkdJybVctYk=","9thysw1lqzT7nbmjLibsExP2MX2ybvsH2F51gDv9IzY=","KXULfu2MoCDpS+Xm1vQ3TRpTRz/dirSpCkCe6uoC4lY="],"block_size":4096,"path":"fonts/octicons.woff2"},{"block_hashes":["cYtWZ/mEQ8n3ULcBRJCS6aZ6XoTVcx8HWuYGIekMXrA="],"block_size":4096,"path":"icons/icon16.png"},{"block_hashes":["Ccl9nJJU5a3wDvmjHNMLc0yVNLqS3U0Xroyy2enX5SM="],"block_size":4096,"path":"icons/icon19.png"},{"block_hashes":["w+Lcw4ptQLfzGmsrceesUTgIHgLfYx0DxieIPDobZPM=","RspRy0rXCyxs2RYuOszwIuUqYn5W69qBNcZaKoXusMA="],"block_size":4096,"path":"icons/icon48.png"},{"block_hashes":["4XvHa982MmH2u6WMAOQSSdap3fladdoer1pAkradm9o=","/GITSmdKx3ebUt6XnyeaW6mQcv0abDjlNwwwuEOzoD4="],"block_size":4096,"path":"icons/icon64.png"},{"block_hashes":["M8qf5l6lvOJGaDHTl0IR00+coWgdZZYjiF2MuuHgj04=","Wv5QoKKC5sCfZK3Pdhu8gfUv83x0ghIWZdX1y2c2gmI=","cawUfgcYNQNsFb6Wpey2IwoOBRR6/4mkk1+/RgAR6Gw=","hyPhmUgyLJ5yuCC9AB4JH52o6F9rDdj0W2qDCCGxlXs=","d+Rx3CMtdbf49c89VaLA0dueIeDjuDwO/Mlhcd1E8SI=","xjuD+zqTuBKOaohD33w+b9fZXb1McWdBVX8UYvDS2x0=","F8vz64nK8ljWaHIyisNHGA2qiF9Bq52gh2D0uz4R3Jg=","Ialphx1v89i/YV2z3F8ObXbb/SxGzLKfLc3yZWfBYYQ=","UqeWB8xyVgtPoup/JpZKP2udJcRX6LD3QMo4myucpVk=","GBDIel9BaW7ujQpCbrdYl0urlAo8hEFdaiIXFk8A/Ko=","/qqyZefBxbNsPQJ3BwEmLCQeadncaDfBPIgTFi2Nys8=","v2zYipOARepAU+yoMx3gjWQFQc2zSGzlqh67Nfixybc=","f+xmi3HEfw/E7KXG3ewKgDQiMVlVtrDZYCCReBTXWDs=","jGORGALnEwiuaOfthQfloZxFVfTSYCNrTS1Z2Cg+bTc="],"block_size":4096,"path":"jquery-ui.js"},{"block_hashes":["oNQAY2kcFworwZY3Z1GCWDnlVrc9wkyj84oi178Dc1o=","Z1VaOauTRfR/32iBilEWlr8FYn1vVIBrECMlV7Qr9LA=","XIwf38XHiDqWC3g9LtqDuEFx3OVUrFYioCfC8wfjGB4=","3ySdSoMeXBwvzV8NExgMO4Gx7GvOUv2aD7V58lMRZwE=","YaWC8IzuYEKmd7S2XCOToPdl5pNZvxtb9nXwgJgNz+o=","0yts0aZogZgk1ui6/HbUEqxdejzvklkoErZq+7Snd8U=","jiKdXQbtWk4jFueLCaxT9co4F/xgec9AFAqoe1YCT0U=","fFOc3fsA5D7GQq9jivuumsXPsZ4JKPuFeNvLqh5kgQA=","FLNBGyk4OtNzuxJjpWCWPkrq8vCBXE+nMZ+CcJtoyiM=","1s/R2qqwwZf6DUgbZ8FQrBFNgArzYtkhH1O8oR5Jt9E=","79EQCOVOMjbaz9IBNZG+7WG7EFke+wgYFQlpFhQEq6Y=","KHbYjgmBqcJBU1jZ2+3d0FOGcAY93u9sSaaBYjlZXWM=","/zyB+eNCptdoNi1K+RWX1kZVMjXIfrsSIEyUEEO1HZ4=","qZd4+r4oVEkM8/cnYB4WYSZ1KfHtf+jAJASJ6K0lfms=","ByJF0x1uqbyeXa69AK84M/5m9iBGXlE4Nv+i0VQX9fE=","OUscT2paoNcjNvWPWtURwR9H4qmmJjulE8i9lc+LCDM=","K5OpTEhHbtLwVcSGY1Q6P+2q75kvd4nAU6VnXkNRz4k=","UGHOUEE5lwUecQV1mqDnLRrzjxAt0ZJIwPK32q++ACU=","UlS0AH+xrgtNbo2d5l4Hs7gY2rF7eb1cOSaRtz10Sxc=","luIr3f5SwwBReQLpmpVIfqs2k4ZAm7Jco42WL0YdDWI=","IixOSTAqqhGPCrjJHgWQp78/YBPdbLwb0Jz5BmDzZRQ=","pYeBs19cQPZtxQCHDfg6Q5dUdCzKF2h5Lz0+XbgZWdE=","qyMauaRakWbf+fUwVfsZL/KVqvTWMiqvmPLOL70cV7w=","FdafdjXznnn5OZPEVyXcZejNuzUVN7Ffu8yklDq5U34=","6ald3zbIh/5rIDdFS8DzXw/n1KkAX4jBGnwIvJuNIzE=","66h24J0673OT6d2wmopby18FLp4Pgy8xkKnc8dX2FHA=","eBntcC2unR/yxplMR3rqqU7u7KA5IdcCdqkbrzRN2A0=","sq+rTDVVyfCTaApOvbAtSbGAJlyO1JqAO7utwB6CFHA=","t0kYuHQnU68SZiwb8ZX8m0V5vK+9Hz8RKTmb3Kd6cRo=","lw0hu91X4LwQArDGuh7G2zhfUT4qBdXu2JiZijpIczc=","mkXTMeJQyKxRDCigBCE2AImUE6JJEAQxjAAypapUs1o=","cZpse2a0/MCM1A2IjwTXKzQp+VXJnYxWd2MaHEnYF6Y=","4vQC3oVgFpj6FhUCiu9tx3goOu5wCF4xAn5bUrKhu+I=","1Pmf1I/N2ia2UaHx6YNhXB2XoxxHXJ3d/rqB1qRYziY=","aQssJ8BjNReuEHB1+NVUWLr4SHnmp26PCozULVAxThM=","z+4D17hBFZjFgQmdDDhImDUGM7KMt9xN3vVIiRpTask=","JNET8IEDss6wSS8k4xMTgqSBQl9OgmiQ/xGf1AruTog=","omZTP1OFkzUHD4Xy2iw0bS72feWb8mj69iKaA0WbKoA=","lzU8AOwhdj1GZaIoPdV/ZY+ww70F2Rlgcm3T5SLxk1w=","KTZIiwThH64tj0J9EsjNforXKxQcaT+JGXemZ/KF5m4=","udWHlErWtdM5UI76dD0XtGTK4SJzZS5UMK4mdj9KhyU=","6YljxXxjaLRrO7mANendhrtypMvaSq8sN14Eoux76ZY=","YKNze7xFgsoS3fMsGnv0sbnCvSGRKxfKADFodYqz5OM=","jrg6qD6dj00BYKSJapuwYgRMUYS/GSnvLhQj5s1KjbQ=","t/AvQcl+6gscq2tVEIdOv/T2mx0cO60GOsNu4YxRv6o=","Xlg2VKJWNL69y1ZuZOWj9DPE0u8h6OYi+azvcvWqzTk=","HpyCFhk4e36RQv1+V227+udvutOba9fH63Mqaxhv+uA=","Y6quhN/sqJBpWjfPmPnB1d0f+8k/nt/a4b0EvgZtdNg=","hy4a2dl+6eOJdRn9UmWLtf8o21guq2SET3HY0Lw1wOk=","PtJVj33JJXlzNjdmDrk0voHTi5Wx/FOVA6kjXqzfyAw=","rx2UifsrofAw0DuGcYalDcMDcbrE9cmFSO9md4ZiDBc=","nN0rsfcEVYamct4KZELk4Rajphs2DHjar6sijwcwp2k=","imyvr8BKY0+BpoZCrQOb4bDBu3F4HWOwUYhl+iAc6oY=","SbrQQJGWA3NKbW9QMVdL114aI1ZJpt3/DRdb0W2Z7iE=","1+Ykw0NfC2U3lz7A5gocNFNjV8+GIjG98HX85nGMxUw=","DRwV57w8YZ9HIThx3wGCzJnGKuluo4nrSnad1q3fZHE=","Nxb65cRISDNThtxrrYF6TLrhv8PBOM4OfE9iDoCnmQg=","tUiRnQoviBgAHh6V+hZXe3U0h2duzKhQ9HaenTlsplo=","uHlF7qQIcd1Hq+tXRqRVnA5/k9ZGmmR2W3JJxOUvxdM=","KWTEgUzaA0yRNcB3998eDO/D3diMcSwgqARMiCkyMLI=","auulpt4vgiQgg1llI2RhCpo8bI9LZB0Pn5SmF7giLU0="],"block_size":4096,"path":"jquery.js"},{"block_hashes":["XEdMgzF1jIA7uJF0jQqzHM5blz56e1UkvJtbobO2XfE=","L0FjQmNRh2c4WeYbNBzzjg0T8oW36WENoZcXvFVCNlo=","l2HGbK71D8zyeDnfwnaQvdfrzI4rSiBm1vAxxXWNYlA=","mN2/5Z7dJfejXIZpDvOil85RvDhfnQ0HT9d3pqfLf5c=","6HaPMdbOv4Hjw4di9fCbJAjbpIGt23WZ7R5n/8+ACiQ=","enHxgBt0mD0rkJl4G7GCkqU+iuxQEZisoNdvzfizIbo=","GWsueOrCJogG0E/sdVGUkktRVvzpgJK678WAdMc3dVA=","O8iE2PiaPotsMXDeHZi1F5YgP9N4ZrSkWjwP1BKlioo=","8W7+REdXgITdmuclWCQAh2+xMmtuLUbVe6Pk2eVaJ1Y=","1IoM5Mz9/sPENqWy1zbqi2iLixRzuXCgaNmmVGRFBHM=","iSExVuMQ9+V8tZbF4vMJdX+B37+18Ntc3zSOdQ1gWQ8=","p95B2whICglQTfBEXHuqj1Iblv+0VCiC57HsBQtwmZ8=","04x8IQWh6yIbuGfghlXGsIywdMPS3nKDKGs4W9aWe8c=","kMU6HirRQfMlKgXEupH1zQteOfQs2QJXRPIT+bgm6Vs=","dfsQ1U/4QN0zKQeFVqQ6++3MSF5jrdfrUUNNQNv8mAA=","m929wejwXZWeG+B3AY50Imd+OIWZKfnjCQegPsaGXdA=","dNamUfrG7Hi9K4+Yl4nL10t+P/fDL8O+gJ1rWDbXgpg=","xGGIiGIoGBHjigwfGug4X1Watf0XrHxhXIwoWUx/lKg=","abmt4KzUohxsOUH9GqucL7gYxpOKu5GWPjeb59dDRRs=","Hn3qK1MPhWRO+XJ4Wt+awUZMZZEMdxeEI9fdlJ5g7Fg=","ageU59GMZHflP62+GKytLORlgjOQIhP+W+l8hKputdg=","kwJrmdT7OuGD7oSiIQENCqiCQw9h593ou1OdZPZTA2U=","r7hJGjx3djB28BAKdcEYo+dQxzahCGKCOw+xa9OeYfY=","1v/feSuXvzRuzsiZsWIEXow1RiibjhJSyHT8wMEZBLs=","dPx9jB3s0nWvxxWlnG1GDTEBGFgLI+WSM/AjaPVNiLw=","RzCMUIUTIq8HcaREQ7xvJqe3IFq3MiToNAx29pCPHtY="],"block_size":4096,"path":"jstree.css"},{"block_hashes":["5hHf1mx7xd9Km6au2jLhkyFaJWW2/CeRGo6Otmvli68=","Thjlf6+ouBLVLlsOVxk4Ei2vIMpRpW1il1V4XzjL+ZM=","TunveHAZa76uIrt88FV0yLKA5Z/M01+ZZNfI/HQDauw=","vzbp1TTx3oiC3qkvGWcBohppUN40AEQVUceooEQHRe8=","mgQob6O2NBXnfhxWRiSTDsD9+pBs+FrNDayf4OYdweo=","+OfUNr1I6r2Atgzw8Wf7BRgtE0t0kPtusbiZBfr0mac=","3vxts/Z9KhkkX5cjFMCRYIuBPfz0JjT7cZcy0WbgxE8=","JOVeN4V1NVHiBorx+oLGToHJS1Sli688cBLDBXFNfA4=","j6wXgwXNAD8RJ84vDtxnRBiBdDc0CtX2IEHuGV8lRUA=","ePGbFX2WhHFpxlPGwu6z8RUGZcZMkvfyCqxT0S6+wMA=","K23/Jx0WsroLPAOekTYIvRVWfvJlM+x34nyCWKBcBi8=","oI6rJCdNHxbOF9h6oq2+eWBfQdy5iGUm/xSSfvkUT1U=","7XVvJAHSvoV80z9TaK6Xxe/7SIuXUwQJ/hQGn3y0kxI=","241Byl4TVb3sXp8xRaA7qMrOp/AAC1q4iQWxeIal1PE=","XOqM1dM5UsUIayca8sFacXzIn1c3u35hZ0w3k7SJKho=","Qps2E7uZeV1Wgt2iQ0lpkXFe0lzOlaDit56i/YqbZ8M=","gXUr3202fS0KHUq4jLEK5Alqj6nTwkuko6WhYKfj8jw=","bdtyXRz37g0gNsPnMXkkqtRgXb6cmVWraDXE2xOWupc=","BH9QC5rXf0dIr48qtYv6kRWAJkUjhQIBOrOms4e1TOw=","7yLu+N5mazKy/dKSRpVE4CcNdeB4qPT/ZCFGQN0dES0=","Pl//FDUYS5rDUsYt9Xpzt66t5Fgvr7UdeakMMgG9zaI=","9IdNrdZym0gRSsH2kjXrG1wcb168QJ/jQvJpsFU+Pc0=","LcSpKF7JCZpqpUUYf4THbGPx6gJwkyakaSll+KyqCKc=","XpzBXES41c5XxdAD+KxLvU2RSxO2K5o8b3vsEMGEdgU=","mDvty2aWi0GatEWC88iPvze7UBH5UmpJmbZfpobvr3E=","8VgH+F2IIyQ3YnbpD0kKpXd6sltN9+DVP2xEDkU6XG4=","IfdoI6MSiMNAbV5haWOM2CC4bOEDmt1+8pfr1hV+VF8=","VMUE6G6kkptiLKC38WtjzeYtNwQsoPhRI8XObACaF5o=","koAAdNpZ3YDCOl5+LEIy1/f1X634cC+451o0trupIl8=","F9k+8JEKgfYfrNGpBC3HfE9BIh9PBfc4t8qdH3n198k=","n5Ql8HGi6P8rFMrxmSFU9dZp1iGwB5N+10321dfFYPs=","OuvUGWw/RRZ54iHMbioJphgST64sE9H8k8mHE+yPP84=","DTp5st/UnR2KZzMrD7PwSJ8P0v7kMsUVSJkA2lYp9Fc=","ad5NUDbB5QgT63baxd2GQZc0cCg5mECzSrDGL0dPdH0=","bHCUF92/sfJgbvoGWqo6DxIV651GcyF+EvbrdNMxP0s=","CFbjds13ietVeVRVTTEFhRQcnh6TbNCwCFLBvuMXNwM=","0DmILTlktESDw6QNh5UsWWUYUr2z7oSz6Dew+xAb9dE=","s0Hov9OMh+bC4feZAiHhF0Zmssh2ZN2FD0U69157ZKs=","c5dhZ0o3vFrffZ2KDQNrFbrWtlnm6gWM0opE4PRW9EA=","ePDaHhhabLagyFiKf1RnFj/7dnE6yM7b2/QAgKRXAJM=","oHEs5nXh211iSHol22pizi0SgMwUi60LUL4Ilrt4Wfk=","MYWSLDI9rzuCtmXyFLPLbWa/Nlgz51/vVJ2it0m2b5w=","CQE+oqs0x1MYZ27y1TgZ7+v9cRs4+hw07XL5/kzOGlk=","CSByQEdeajhNqo+d2aNDqzInqY4Wrph1HIv2h7EJZKA=","v0Lra6chi2HaRRhl5TDcuzvNf5hSExIhG2+19fvZM1c=","FV8YsjAJEt7DFzBk9+ZOu8zmx+xrJMpS0cqW2VxhXMw=","LZ0COCZM+DiV3Yk6zgPYWJp85V9PT+E3Fp+qfWL/nxM=","UgCC8oGfO2dy6rgu/czCfBwV14PD0ANZKlHVwfcoKS8=","LiTvR64U2+0mYeKxnhdImPtjGdcM11tJ2XxnIAlY2kQ=","SdxWu1sc43stTb1aTlXHXZ/nErfu9cCfAnNeia0VZAA=","B8vsOtCzxbEmRUeKw/ZLDlihEqKEonZbdFpGroMfXFU=","EHDZjfyCbsuGSJcE1vs4LJqLZz/fqpsdi0iEGRY/WtU=","pJFYlTWucepc6m7gNr3UENLnuzvnk0jcuGDwSb3KIcM=","EO/ByO3sr3WOLF6mz3rMYmqcFAPObc6GSEHL32iDPrU=","DRJwxHAor+/gMTY9ebHfhOfUDLVTgG3BrzKuDdl3qjo=","jKDAhpoxM4epdJFZwp6Qy9r9Z82U9+Z4AdBTsLGomKM=","/am5uCu7KqgCp361i20TlbEDfpAcsvDRoiXz4LtDpp0=","GYgM5mzrJgwD+NBnAQOdMyo+MPR4EbcZSvEiFRFScqs=","VjPdHVWb38iwNd+0zGdKnuN7Hz+Vs58wu6DA+06Qqz4=","2jZPqIaIMvEk/mABPzs0Gvg24Wn4VxUxsda9OV1CqL4=","uQROZdJO+irlRxLSqDVrZAK6LKvrXuMtXtKmf4OjixQ=","n/eQMil6edZWtMCaP+mjiWPdxCJ8txPd+3uYp3nzUcE=","baYLnMrlSGBA7h3jXJRuNFIRzF4Ayhc0DVObx//CRjc=","JnsY19nBNErmD2WFsuZ7qmjDFquu5uA4963cxtaBIqk=","lFgnCjXGBjhynrVRVD+luzXqC2wxG6YZTiIKRqmZ7+U=","Tat/PJjXCDJ0fmpIHJkaNl9xoGuWidBGjur2Z9M8jEg=","70aLfynRGRYqOpi4mB65vg9CMCfJaU0ipS7CdTINk6k=","EETwvhUStcjCnsaEyAXbLfT6qe2arr6B4oTqvWIbLAA="],"block_size":4096,"path":"jstree.js"},{"block_hashes":["YHb6ePWzDm39QNYclX3M6lqvQOeBZTign6xOLTDRZoc=","eK+0eyfZ8kgATTPyZyHrsdlpYSaT/i20cN5sjDse/8M=","p/oTx6LnLZMam9IbojmhLOI+Aar/M4IcVtD4S0Xsv3s="],"block_size":4096,"path":"keymaster.js"},{"block_hashes":["7lLN6eUZL3rRPQ1imWMTZulRm/abic4KKHGMU2FotWU=","fWgYNxYIMq+ZHKPEP0Bma8sXG23BP3WSuPxZu3z9BK4=","qaOsc9V3SKWnEfEl5j4/LkfhlJ7JVdKOWhyLippQACA=","1y5uGZ5UzIRvRs6b34XAlzgK6xwzAyTRqQegjkLvPng=","/W+CtUHbmyXiit1zfkFgG/ZxtR3+1PL57M4MdCI+uXQ=","ULl4fV+VdiXg0g8S62eV2SorTXUu1cBm3tSDvcGCvpc=","aMMinWtDic9srna+6rRgBl/bVd8M6T4uo1Jq5MYNO2U="],"block_size":4096,"path":"octotree.css"},{"block_hashes":["XCJNy6sK2yjyznpq1BWViFfsqARbnalELrX2nKG6TOc=","w1aGN8kIdjF7q8FAD509M89Ngbk9kX0DNJT3UvfE3e4=","RUUT2a6z2nzO9vfV4X484QoY+L+BoNrnP7NSjNdaoYw=","zR4/5Yqpwch3umD08BWxm0+idWAhP5nhw1XLL1bcMyQ=","9+glwliEZE6NG4/ZTMz5kFJ6YzQZ7IdQopsz+2lZPvA=","BQkj0pfS6nLGFFB3v/NJElF13gBuw08SOTPoNxx7hlc=","XlSe/9h5oFX9H7mVinlgAuH1Ow//NUNeskEBRxDyaUg=","c9UYpAd/V0fIdmdMX2stD5jyXY7AkN1GCqIA1dP/x5c=","rarIw7Fzp3I5YluL4sfqZSBaqxNr88j24UH1wAw7l2g=","ozTp0HGu0HwmQ3q2yYc/EUu5CKevzzuGK3xkAa7CBwE=","Q3lD1tuDj1eu83G4KQ8zLo/KvEiCGRWLQammfRlIBXE=","cz44elMn/HgcqZE0F+EAEHm1gIs7UfaRAA1xa9df5Uc=","KtmTxf5Kj5cdmYHezUuQmFYUZTrBYynko98TR6zh75M=","rAma/G3LAP+Zzl3xb6c8/O++XAl6qy91BoWXHaSH3F0=","qG5ZDCNPk0+0UnxoQt1dHimq37YcLvGrRYYMMyzI5hs=","b4kZOF6VxiKwYA5L6mg9YSX3hJEfg3pwwtll3QNW500=","Wt2zhyQqft8J+5oCDwHntZ+KORJOq+w8OXIeKsgNhOc=","UTDPUzX/BI8z/w1jZVIcm1NZ+2vGvtlav/29h4F8NNc="],"block_size":4096,"path":"octotree.js"},{"block_hashes":["HUyQbkPRFLeHNJHA2XBYsFL6ePDsnrYgFLNexh55mco=","+vl+RVUSptNWBUV3ZCHROUlPDJmAQFbJZO768PepTH8=","wAgFVA1KlLtHwR0lKNrkNGdTCk7YRXR4fHgSt9yG9Do=","rfHoKMxLrSZNhcO5Q3iRwDK1E4jh01+hlN64JWTBZb8=","ktopmDFVwkjJMqCw1QkHMcv2vznPGpVguMNG58FDRyI=","xPRHmLeixr2sN/mI6Lw18BUFQbdexY54WRgZlZFiL8U=","16VAB9qKz93t2oydFI0cQ1+APLlcINRtHMzUxADHdFw="],"block_size":4096,"path":"ondemand.js"}],"version":2}